Workbook
Name Slicer_Diabetes_Status: #N/A
Name Slicer_Hospital_tier: #N/A
Name Slicer_Weight_Status: #N/A

Sheet Customer Names
A1: Customer ID | B1: name
A2: Id1 | B2: Hawks, Ms. Kelly
A3: Id2 | B3: Lehner, Mr. Matthew D
A4: Id3 | B4: Lu, Mr. Phil
A5: Id4 | B5: Osborne, Ms. Kelsey
A6: Id5 | B6: Kadala, Ms. Kristyn
A7: Id6 | B7: Baker, Mr. Russell B.
A8: Id7 | B8: Macpherson, Mr. Scott
A9: Id8 | B9: Hallman, Mr. Stephen
A10: Id9 | B10: Moran, Mr. Patrick R.
A11: Id10 | B11: Benner, Ms. Brooke N.
A12: Id11 | B12: Fierro Vargas, Ms. Paola Andrea
... A2336: Id2335 | B2336: German, Mr. Aaron K

Sheet Medical Examinations
A1: Customer ID | B1: BMI | C1: HBA1C | D1: Heart Issues | E1: Any Transplants | F1: Cancer history | G1: NumberOfMajorSurgeries | H1: smoker
A2: Id1 | B2: 47.41 | C2: 7.47 | D2: No | E2: No | F2: No | G2: No major surgery | H2: yes
A3: Id2 | B3: 30.36 | C3: 5.77 | D3: No | E3: No | F3: No | G3: No major surgery | H3: yes
A4: Id3 | B4: 34.485 | C4: 11.87 | D4: yes | E4: No | F4: No | G4: 2 | H4: yes
A5: Id4 | B5: 38.095 | C5: 6.05 | D5: No | E5: No | F5: No | G5: No major surgery | H5: yes
A6: Id5 | B6: 35.53 | C6: 5.45 | D6: No | E6: No | F6: No | G6: No major surgery | H6: yes
A7: Id6 | B7: 32.8 | C7: 6.59 | D7: No | E7: No | F7: No | G7: No major surgery | H7: yes
A8: Id7 | B8: 36.4 | C8: 6.07 | D8: No | E8: No | F8: No | G8: No major surgery | H8: yes
A9: Id8 | B9: 36.96 | C9: 7.93 | D9: No | E9: No | F9: No | G9: 3 | H9: yes
A10: Id9 | B10: 41.14 | C10: 9.58 | D10: yes | E10: No | F10: Yes | G10: 1 | H10: yes
A11: Id10 | B11: 38.06 | C11: 10.79 | D11: No | E11: No | F11: No | G11: No major surgery | H11: yes
A12: Id11 | B12: 37.7 | C12: 5.96 | D12: yes | E12: No | F12: No | G12: 2 | H12: yes
A13: Id12 | B13: 42.13 | C13: 11.9 | D13: No | E13: No | F13: No | G13: No major surgery | H13: yes
A14: Id13 | B14: 40.92 | C14: 8.41 | D14: No | E14: No | F14: No | G14: No major surgery | H14: yes
A15: Id14 | B15: 40.565 | C15: 7.02 | D15: No | E15: No | F15: No | G15: No major surgery | H15: yes
A16: Id15 | B16: 36.385 | C16: 7.59 | D16: yes | E16: No | F16: No | G16: 2 | H16: yes
A17: Id16 | B17: 39.9 | C17: 11.32 | D17: No | E17: No | F17: No | G17: No major surgery | H17: yes
A18: Id17 | B18: 33.8 | C18: 7.67 | D18: No | E18: No | F18: No | G18: 3 | H18: yes
A19: Id18 | B19: 36.765 | C19: 7.29 | D19: yes | E19: No | F19: Yes | G19: 1 | H19: yes
A20: Id19 | B20: 36.955 | C20: 4.72 | D20: yes | E20: No | F20: No | G20: 1 | H20: yes
A21: Id20 | B21: 42.9 | C21: 11.41 | D21: No | E21: No | F21: No | G21: No major surgery | H21: yes
A22: Id21 | B22: 36.3 | C22: 11.5 | D22: yes | E22: No | F22: No | G22: 2 | H22: yes
A23: Id22 | B23: 32.2 | C23: 6.22 | D23: yes | E23: No | F23: No | G23: 2 | H23: yes
A24: Id23 | B24: 31.3 | C24: 11.38 | D24: No | E24: No | F24: No | G24: 3 | H24: yes
A25: Id24 | B25: 41.8 | C25: 7.89 | D25: yes | E25: No | F25: No | G25: 2 | H25: yes
A26: Id25 | B26: 35.09 | C26: 4.38 | D26: yes | E26: No | F26: No | G26: 2 | H26: yes
A27: Id26 | B27: 33.88 | C27: 7.01 | D27: No | E27: No | F27: No | G27: 3 | H27: yes
A28: Id27 | B28: 30.875 | C28: 11.88 | D28: No | E28: No | F28: No | G28: No major surgery | H28: yes
A29: Id28 | B29: 36.86 | C29: 5.19 | D29: yes | E29: No | F29: Yes | G29: 1 | H29: yes
A30: Id29 | B30: 35.86 | C30: 6.74 | D30: yes | E30: No | F30: No | G30: 2 | H30: yes
A31: Id30 | B31: 37.05 | C31: 8.44 | D31: No | E31: No | F31: No | G31: No major surgery | H31: yes
A32: Id31 | B32: 43.89 | C32: 8.71 | D32: No | E32: No | F32: No | G32: No major surgery | H32: yes
A33: Id32 | B33: 42.35 | C33: 5.08 | D33: yes | E33: No | F33: No | G33: No major surgery | H33: yes
A34: Id33 | B34: 31.35 | C34: 6.86 | D34: No | E34: No | F34: No | G34: No major surgery | H34: yes
A35: Id34 | B35: 47.6 | C35: 5.95 | D35: yes | E35: No | F35: No | G35: No major surgery | H35: yes
A36: Id35 | B36: 46.2 | C36: 6.09 | D36: No | E36: No | F36: Yes | G36: 1 | H36: yes
A37: Id36 | B37: 32.015 | C37: 11.75 | D37: No | E37: No | F37: No | G37: No major surgery | H37: yes
A38: Id37 | B38: 40.565 | C38: 7.37 | D38: No | E38: No | F38: No | G38: No major surgery | H38: yes
A39: Id38 | B39: 32.45 | C39: 11.91 | D39: No | E39: No | F39: No | G39: No major surgery | H39: yes
A40: Id39 | B40: 34.96 | C40: 6.52 | D40: No | E40: No | F40: No | G40: No major surgery | H40: yes
A41: Id40 | B41: 35.5 | C41: 5.14 | D41: No | E41: No | F41: Yes | G41: 1 | H41: yes
A42: Id41 | B42: 52.58 | C42: 4.19 | D42: No | E42: yes | F42: No | G42: 1 | H42: yes
A43: Id42 | B43: 35.2 | C43: 11.68 | D43: yes | E43: No | F43: No | G43: No major surgery | H43: yes
A44: Id43 | B44: 38.06 | C44: 6.98 | D44: No | E44: No | F44: No | G44: No major surgery | H44: yes
A45: Id44 | B45: 34.21 | C45: 8.34 | D45: No | E45: No | F45: No | G45: No major surgery | H45: yes
A46: Id45 | B46: 38.94 | C46: 8.49 | D46: yes | E46: No | F46: No | G46: 1 | H46: yes
A47: Id46 | B47: 30.21 | C47: 5.34 | D47: yes | E47: No | F47: No | G47: 1 | H47: yes
A48: Id47 | B48: 33.63 | C48: 4.43 | D48: yes | E48: No | F48: No | G48: 2 | H48: yes
A49: Id48 | B49: 40.37 | C49: 4.47 | D49: No | E49: No | F49: No | G49: No major surgery | H49: yes
A50: Id49 | B50: 53.09 | C50: 4.82 | D50: yes | E50: No | F50: No | G50: 2 | H50: yes
A51: Id50 | B51: 31.79 | C51: 5.51 | D51: yes | E51: No | F51: No | G51: 2 | H51: yes
A52: Id51 | B52: 41.895 | C52: 10.87 | D52: yes | E52: No | F52: No | G52: 1 | H52: yes
A53: Id52 | B53: 31.16 | C53: 9.34 | D53: No | E53: No | F53: No | G53: No major surgery | H53: yes
A54: Id53 | B54: 34.105 | C54: 5.03 | D54: yes | E54: No | F54: Yes | G54: 1 | H54: yes
A55: Id54 | B55: 51.93 | C55: 11.05 | D55: No | E55: No | F55: No | G55: No major surgery | H55: yes
A56: Id55 | B56: 38.95 | C56: 11.95 | D56: No | E56: No | F56: No | G56: No major surgery | H56: yes
A57: Id56 | B57: 36.63 | C57: 7.72 | D57: yes | E57: No | F57: No | G57: 1 | H57: yes
A58: Id57 | B58: 34.2 | C58: 5.75 | D58: No | E58: No | F58: No | G58: 2 | H58: yes
A59: Id58 | B59: 50.63 | C59: 11.89 | D59: No | E59: No | F59: No | G59: No major surgery | H59: yes
A60: Id59 | B60: 36.48 | C60: 6.2 | D60: No | E60: No | F60: No | G60: No major surgery | H60: yes
A61: Id60 | B61: 54.82 | C61: 10.61 | D61: No | E61: No | F61: No | G61: No major surgery | H61: yes
A62: Id61 | B62: 38.06 | C62: 6.04 | D62: No | E62: No | F62: Yes | G62: 1 | H62: yes
A63: Id62 | B63: 51.48 | C63: 9.33 | D63: yes | E63: No | F63: No | G63: No major surgery | H63: yes
A64: Id63 | B64: 52.06 | C64: 11.47 | D64: No | E64: No | F64: No | G64: No major surgery | H64: yes
A65: Id64 | B65: 30.685 | C65: 7.02 | D65: yes | E65: No | F65: No | G65: No major surgery | H65: yes
A66: Id65 | B66: 36.08 | C66: 8.8 | D66: yes | E66: No | F66: No | G66: 1 | H66: yes
A67: Id66 | B67: 54.99 | C67: 8.68 | D67: No | E67: No | F67: No | G67: 2 | H67: yes
A68: Id67 | B68: 35.97 | C68: 6.12 | D68: No | E68: No | F68: Yes | G68: 1 | H68: yes
A69: Id68 | B69: 45.54 | C69: 5.4 | D69: yes | E69: No | F69: Yes | G69: 1 | H69: yes
A70: Id69 | B70: 35.53 | C70: 4.36 | D70: yes | E70: No | F70: No | G70: No major surgery | H70: yes
A71: Id70 | B71: 30.8 | C71: 9.77 | D71: No | E71: No | F71: No | G71: No major surgery | H71: yes
A72: Id71 | B72: 38.39 | C72: 4.25 | D72: No | E72: No | F72: No | G72: 1 | H72: yes
A73: Id72 | B73: 32.3 | C73: 4.76 | D73: No | E73: No | F73: No | G73: 2 | H73: yes
A74: Id73 | B74: 48.8 | C74: 6.22 | D74: yes | E74: No | F74: No | G74: 2 | H74: yes
A75: Id74 | B75: 45.5 | C75: 7.96 | D75: No | E75: No | F75: No | G75: No major surgery | H75: yes
A76: Id75 | B76: 53.61 | C76: 10.92 | D76: yes | E76: No | F76: No | G76: 1 | H76: yes
A77: Id76 | B77: 36.19 | C77: 11.51 | D77: yes | E77: No | F77: No | G77: 1 | H77: yes
A78: Id77 | B78: 34.6 | C78: 5.99 | D78: yes | E78: No | F78: No | G78: No major surgery | H78: yes
A79: Id78 | B79: 54.12 | C79: 11.57 | D79: No | E79: No | F79: No | G79: No major surgery | H79: yes
A80: Id79 | B80: 48.82 | C80: 6.67 | D80: yes | E80: No | F80: No | G80: No major surgery | H80: yes
A81: Id80 | B81: 51.01 | C81: 9.2 | D81: No | E81: No | F81: No | G81: No major surgery | H81: yes
A82: Id81 | B82: 45.65 | C82: 5.11 | D82: yes | E82: No | F82: No | G82: 1 | H82: yes
A83: Id82 | B83: 52.9 | C83: 5.34 | D83: No | E83: No | F83: No | G83: No major surgery | H83: yes
A84: Id83 | B84: 45.41 | C84: 4.03 | D84: yes | E84: No | F84: No | G84: 1 | H84: yes
A85: Id84 | B85: 49.41 | C85: 4.23 | D85: yes | E85: No | F85: Yes | G85: 1 | H85: yes
A86: Id85 | B86: 31.825 | C86: 4.06 | D86: No | E86: No | F86: No | G86: 2 | H86: yes
A87: Id86 | B87: 51.28 | C87: 4.68 | D87: No | E87: No | F87: No | G87: 2 | H87: yes
A88: Id87 | B88: 34.96 | C88: 4.34 | D88: No | E88: No | F88: Yes | G88: 1 | H88: yes
A89: Id88 | B89: 33.11 | C89: 10.51 | D89: No | E89: No | F89: No | G89: No major surgery | H89: yes
A90: Id89 | B90: 54.74 | C90: 5.84 | D90: yes | E90: No | F90: Yes | G90: 1 | H90: yes
A91: Id90 | B91: 32.56 | C91: 5.41 | D91: No | E91: No | F91: Yes | G91: 1 | H91: yes
A92: Id91 | B92: 39.05 | C92: 6.06 | D92: No | E92: No | F92: No | G92: 1 | H92: yes
A93: Id92 | B93: 42.75 | C93: 4.22 | D93: No | E93: No | F93: No | G93: No major surgery | H93: yes
A94: Id93 | B94: 50.58 | C94: 5.12 | D94: No | E94: No | F94: No | G94: 2 | H94: yes
A95: Id94 | B95: 30.495 | C95: 4.57 | D95: yes | E95: No | F95: No | G95: No major surgery | H95: yes
A96: Id95 | B96: 48.31 | C96: 9.58 | D96: yes | E96: No | F96: No | G96: 2 | H96: yes
A97: Id96 | B97: 48.99 | C97: 9.78 | D97: yes | E97: No | F97: No | G97: 1 | H97: yes
A98: Id97 | B98: 38.39 | C98: 4.11 | D98: yes | E98: No | F98: No | G98: No major surgery | H98: yes
A99: Id98 | B99: 44.34 | C99: 4.02 | D99: yes | E99: No | F99: No | G99: 2 | H99: yes
A100: Id99 | B100: 41.51 | C100: 6.92 | D100: No | E100: No | F100: No | G100: No major surgery | H100: yes
...

Sheet Hospitalisation Details
A1: Customer ID | B1: year | C1: month | D1: date | E1: children | F1: charges | G1: Hospital tier | H1: City tier | I1: State ID
A2: Id2335 | B2: 1992 | C2: Jul | D2: 9 | E2: 0 | F2: 563.84 | G2: tier - 2 | H2: tier - 3 | I2: R1013
A3: Id2334 | B3: 1992 | C3: Nov | D3: 30 | E3: 0 | F3: 570.62 | G3: tier - 2 | H3: tier - 1 | I3: R1013
A4: Id2333 | B4: 1993 | C4: Jun | D4: 30 | E4: 0 | F4: 600 | G4: tier - 2 | H4: tier - 1 | I4: R1013
A5: Id2332 | B5: 1992 | C5: Sep | D5: 13 | E5: 0 | F5: 604.54 | G5: tier - 3 | H5: tier - 3 | I5: R1013
A6: Id2331 | B6: 1998 | C6: Jul | D6: 27 | E6: 0 | F6: 637.26 | G6: tier - 3 | H6: tier - 3 | I6: R1013
A7: Id2330 | B7: 2001 | C7: Nov | D7: 20 | E7: 0 | F7: 646.14 | G7: tier - 3 | H7: tier - 3 | I7: R1012
A8: Id2329 | B8: 1993 | C8: Jun | D8: 1 | E8: 0 | F8: 650 | G8: tier - 3 | H8: tier - 3 | I8: R1013
A9: Id2328 | B9: 1995 | C9: Jul | D9: 4 | E9: 0 | F9: 650 | G9: tier - 3 | H9: tier - 3 | I9: R1013
A10: Id2327 | B10: 2002 | C10: Nov | D10: 29 | E10: 0 | F10: 668 | G10: tier - 3 | H10: tier - 2 | I10: R1012
A11: Id2326 | B11: 1997 | C11: Nov | D11: 9 | E11: 0 | F11: 670 | G11: tier - 3 | H11: tier - 3 | I11: R1013
A12: Id2325 | B12: 2001 | C12: Sep | D12: 12 | E12: 0 | F12: 687.54 | G12: tier - 3 | H12: tier - 2 | I12: R1013
A13: Id2324 | B13: 1999 | C13: Dec | D13: 26 | E13: 0 | F13: 700 | G13: ? | H13: tier - 3 | I13: R1013
... A1050: Id1290 | B1050: 1977 | C1050: Jul | D1050: 26 | E1050: 2 | F1050: 8527.53 | G1050: tier - 2 | H1050: tier - 2 | I1050: R1013
A1051: Id1289 | B1051: ? | C1051: Jul | D1051: 24 | E1051: 0 | F1051: 8534.67 | G1051: tier - 2 | H1051: tier - 3 | I1051: R1024
A1052: Id1288 | B1052: 1981 | C1052: Dec | D1052: 27 | E1052: 3 | F1052: 8538.29 | G1052: tier - 2 | H1052: tier - 3 | I1052: R1024
A1053: Id1287 | B1053: 1975 | C1053: Nov | D1053: 6 | E1053: 1 | F1053: 8539.67 | G1053: tier - 2 | H1053: tier - 3 | I1053: R1011
A1054: Id1286 | B1054: ? | C1054: Dec | D1054: 12 | E1054: 1 | F1054: 8547.69 | G1054: tier - 2 | H1054: tier - 1 | I1054: R1013
A1055: Id1285 | B1055: 1975 | C1055: Aug | D1055: 6 | E1055: 1 | F1055: 8551.35 | G1055: tier - 2 | H1055: tier - 2 | I1055: R1011
A1056: Id1284 | B1056: 1975 | C1056: Aug | D1056: 21 | E1056: 1 | F1056: 8556.91 | G1056: tier - 2 | H1056: tier - 1 | I1056: R1011
A1057: Id1283 | B1057: 1988 | C1057: Sep | D1057: 21 | E1057: 3 | F1057: 8567.25 | G1057: tier - 2 | H1057: tier - 1 | I1057: R1012
A1058: Id1282 | B1058: 1975 | C1058: Sep | D1058: 26 | E1058: 1 | F1058: 8569.86 | G1058: tier - 2 | H1058: tier - 3 | I1058: R1013
A1059: Id1281 | B1059: 1982 | C1059: Dec | D1059: 6 | E1059: 3 | F1059: 8572.04 | G1059: tier - 2 | H1059: tier - 2 | I1059: R1021
A1060: Id1280 | B1060: 1987 | C1060: Nov | D1060: 11 | E1060: 3 | F1060: 8573.3 | G1060: tier - 2 | H1060: tier - 2 | I1060: R1021
A1061: Id1279 | B1061: 1983 | C1061: Dec | D1061: 30 | E1061: 5 | F1061: 8582.3 | G1061: tier - 2 | H1061: tier - 1 | I1061: R1013
A1062: Id1278 | B1062: 1983 | C1062: Jul | D1062: 25 | E1062: 5 | F1062: 8596.83 | G1062: tier - 2 | H1062: tier - 3 | I1062: R1013
A1063: Id1277 | B1063: 1973 | C1063: Jul | D1063: 11 | E1063: 0 | F1063: 8601.33 | G1063: tier - 2 | H1063: tier - 1 | I1063: R1013
A1064: Id1276 | B1064: 1977 | C1064: Sep | D1064: 24 | E1064: 2 | F1064: 8603.82 | G1064: tier - 2 | H1064: tier - 1 | I1064: R1019
A1065: Id1275 | B1065: 1977 | C1065: Nov | D1065: 12 | E1065: 2 | F1065: 8604.48 | G1065: tier - 3 | H1065: tier - 2 | I1065: R1016
A1066: Id1274 | B1066: 1977 | C1066: Oct | D1066: 15 | E1066: 3 | F1066: 8605.36 | G1066: tier - 2 | H1066: tier - 2 | I1066: R1013
... A2344: Id1 | B2344: 1968 | C2344: Oct | D2344: 12 | E2344: 0 | F2344: 63770.43 | G2344: tier - 1 | H2344: tier - 3 | I2344: R1013

Sheet Data cleaning
P1: year | Q1: month | R1: State ID
B2: Number of missing values in each coloumn in medical examinations | J2: Number of missing values in each coloumn in hospitalisation details | P2: 1992 | Q2: Jul | R2: =IF('Hospitalisation Details'!I2="?","Unknown",'Hospitalisation Details'!I2) -> R1013
C3: Customer ID | D3: =COUNTIF('Medical Examinations'!B2:B2336,"?") -> 0 | K3: Customer ID | L3: =COUNTIF('Hospitalisation Details'!A2:A2344,"?") -> 6 | P3: 1992 | Q3: Nov | R3: =IF('Hospitalisation Details'!I3="?","Unknown",'Hospitalisation Details'!I3) -> R1013
C4: BMI | D4: =COUNTIF('Medical Examinations'!C1:C2336,"?") -> 0 | K4: year | L4: =COUNTIF('Hospitalisation Details'!B1:B2344,"?") -> 2 | P4: 1993 | Q4: Jun | R4: =IF('Hospitalisation Details'!I4="?","Unknown",'Hospitalisation Details'!I4) -> R1013
C5: HBA1C | D5: =COUNTIF('Medical Examinations'!C2:C2336,"?") -> 0 | K5: month | L5: =COUNTIF('Hospitalisation Details'!C2:C2344,"?") -> 3 | P5: 1992 | Q5: Sep | R5: =IF('Hospitalisation Details'!I5="?","Unknown",'Hospitalisation Details'!I5) -> R1013
C6: Heart Issues | D6: =COUNTIF('Medical Examinations'!E1:E2336,"?") -> 0 | K6: date | L6: =COUNTIF('Hospitalisation Details'!D1:D2344,"?") -> 0 | P6: 1998 | Q6: Jul | R6: =IF('Hospitalisation Details'!I6="?","Unknown",'Hospitalisation Details'!I6) -> R1013
C7: Any Transplants | D7: =COUNTIF('Medical Examinations'!F2:F2336,"?") -> 0 | K7: children | L7: =COUNTIF('Hospitalisation Details'!E2:E2344,"?") -> 0 | P7: 2001 | Q7: Nov | R7: =IF('Hospitalisation Details'!I7="?","Unknown",'Hospitalisation Details'!I7) -> R1012
C8: Cancer history | D8: =COUNTIF('Medical Examinations'!F1:F2336,"?") -> 0 | K8: charges | L8: =COUNTIF('Hospitalisation Details'!F1:F2344,"?") -> 0 | P8: 1993 | Q8: Jun | R8: =IF('Hospitalisation Details'!I8="?","Unknown",'Hospitalisation Details'!I8) -> R1013
C9: NumberOfMajorSurgeries | D9: =COUNTIF('Medical Examinations'!G2:G2336,"?") -> 0 | K9: Hospital tier | L9: =COUNTIF('Hospitalisation Details'!G2:G2344,"?") -> 1 | P9: 1995 | Q9: Jul | R9: =IF('Hospitalisation Details'!I9="?","Unknown",'Hospitalisation Details'!I9) -> R1013
C10: smoker | D10: =COUNTIF('Medical Examinations'!H1:H2336,"?") -> 2 | K10: City tier | L10: =COUNTIF('Hospitalisation Details'!H1:H2344,"?") -> 1 | P10: 2002 | Q10: Nov | R10: =IF('Hospitalisation Details'!I10="?","Unknown",'Hospitalisation Details'!I10) -> R1012
K11: State ID | L11: =COUNTIF('Hospitalisation Details'!I2:I2344,"?") -> 2 | P11: 1997 | Q11: Nov | R11: =IF('Hospitalisation Details'!I11="?","Unknown",'Hospitalisation Details'!I11) -> R1013
P12: 2001 | Q12: Sep | R12: =IF('Hospitalisation Details'!I12="?","Unknown",'Hospitalisation Details'!I12) -> R1013
C13: Rounded average | D13: =ROUND(AVERAGE('Hospitalisation Details'!B:B),0) -> 1983 | P13: 1999 | Q13: Dec | R13: =IF('Hospitalisation Details'!I13="?","Unknown",'Hospitalisation Details'!I13) -> R1013
P14: 1999 | Q14: Dec | R14: =IF('Hospitalisation Details'!I14="?","Unknown",'Hospitalisation Details'!I14) -> R1013
P15: 2002 | Q15: Sep | R15: =IF('Hospitalisation Details'!I15="?","Unknown",'Hospitalisation Details'!I15) -> R1012
B16: Unique value of smoker,hospital tier and city tier | J16: Count of smoker hospital tier and city tier | P16: 1993 | Q16: Aug | R16: =IF('Hospitalisation Details'!I16="?","Unknown",'Hospitalisation Details'!I16) -> R1013
B17: smoker | C17: Hospital tier | D17: City tier | J17: smoker | K17: Hospital tier | L17: City tier | P17: 1996 | Q17: Oct | R17: =IF('Hospitalisation Details'!I17="?","Unknown",'Hospitalisation Details'!I17) -> R1013
B18: {=_xlfn.UNIQUE('Medical Examinations'!H2:H2336)} -> yes | C18: {=_xlfn.UNIQUE('Hospitalisation Details'!G2:G2344)} -> tier - 2 | D18: {=_xlfn.UNIQUE('Hospitalisation Details'!H2:H2344)} -> tier - 3 | J18: =COUNTIF('Medical Examinations'!H2:H2336,'Data cleaning'!B18) -> 488 | K18: =COUNTIF('Hospitalisation Details'!G1:G2344,'Data cleaning'!C18) -> 1339 | L18: =COUNTIF('Hospitalisation Details'!H1:H2344,'Data cleaning'!D18) -> 796 | P18: 1993 | Q18: Jun | R18: =IF('Hospitalisation Details'!I18="?","Unknown",'Hospitalisation Details'!I18) -> R1013
B19: No | C19: tier - 3 | D19: tier - 1 | J19: =COUNTIF('Medical Examinations'!H1:H2336,'Data cleaning'!B19) -> 1845 | K19: =COUNTIF('Hospitalisation Details'!G2:G2344,'Data cleaning'!C19) -> 694 | L19: =COUNTIF('Hospitalisation Details'!H2:H2344,'Data cleaning'!D19) -> 734 | P19: 1996 | Q19: Sep | R19: =IF('Hospitalisation Details'!I19="?","Unknown",'Hospitalisation Details'!I19) -> R1012
B20: ? | C20: ? | D20: tier - 2 | J20: =COUNTIF('Medical Examinations'!H2:H2336,'Data cleaning'!B20) -> 2 | K20: =COUNTIF('Hospitalisation Details'!G1:G2344,'Data cleaning'!C20) -> 1 | L20: =COUNTIF('Hospitalisation Details'!H1:H2344,'Data cleaning'!D20) -> 812 | P20: 1995 | Q20: Dec | R20: =IF('Hospitalisation Details'!I20="?","Unknown",'Hospitalisation Details'!I20) -> R1013
C21: tier - 1 | D21: ? | K21: =COUNTIF('Hospitalisation Details'!G2:G2344,'Data cleaning'!C21) -> 309 | L21: =COUNTIF('Hospitalisation Details'!H2:H2344,'Data cleaning'!D21) -> 1 | P21: 2004 | Q21: Oct | R21: =IF('Hospitalisation Details'!I21="?","Unknown",'Hospitalisation Details'!I21) -> R1011
P22: 2000 | Q22: Nov | R22: =IF('Hospitalisation Details'!I22="?","Unknown",'Hospitalisation Details'!I22) -> R1013
B23: The most frequently occuring values in smoker | D23: 1845(No) | P23: 1993 | Q23: Nov | R23: =IF('Hospitalisation Details'!I23="?","Unknown",'Hospitalisation Details'!I23) -> R1013
B24: The most frequently occuring values in Hos tier | D24: 1339(tier2) | P24: 1994 | Q24: Oct | R24: =IF('Hospitalisation Details'!I24="?","Unknown",'Hospitalisation Details'!I24) -> R1013
B25: The most frequently occuring values in City tier | D25: 812(tier2) | P25: 1995 | Q25: Oct | R25: =IF('Hospitalisation Details'!I25="?","Unknown",'Hospitalisation Details'!I25) -> R1013
P26: 2001 | Q26: Aug | R26: =IF('Hospitalisation Details'!I26="?","Unknown",'Hospitalisation Details'!I26) -> R1013
P27: 1994 | Q27: Nov | R27: =IF('Hospitalisation Details'!I27="?","Unknown",'Hospitalisation Details'!I27) -> R1013
P28: 2000 | Q28: Oct | R28: =IF('Hospitalisation Details'!I28="?","Unknown",'Hospitalisation Details'!I28) -> R1013
P29: 1999 | Q29: Aug | R29: =IF('Hospitalisation Details'!I29="?","Unknown",'Hospitalisation Details'!I29) -> R1013
P30: 1995 | Q30: Oct | R30: =IF('Hospitalisation Details'!I30="?","Unknown",'Hospitalisation Details'!I30) -> R1013
P31: 1994 | Q31: Nov | R31: =IF('Hospitalisation Details'!I31="?","Unknown",'Hospitalisation Details'!I31) -> R1013
P32: 2002 | Q32: Jul | R32: =IF('Hospitalisation Details'!I32="?","Unknown",'Hospitalisation Details'!I32) -> R1013
P33: 2002 | Q33: Jul | R33: =IF('Hospitalisation Details'!I33="?","Unknown",'Hospitalisation Details'!I33) -> R1012
P34: 1995 | Q34: Jun | R34: =IF('Hospitalisation Details'!I34="?","Unknown",'Hospitalisation Details'!I34) -> R1013
P35: 1993 | Q35: Sep | R35: =IF('Hospitalisation Details'!I35="?","Unknown",'Hospitalisation Details'!I35) -> R1013
P36: 2004 | Q36: Aug | R36: =IF('Hospitalisation Details'!I36="?","Unknown",'Hospitalisation Details'!I36) -> R1013
P37: 1997 | Q37: Aug | R37: =IF('Hospitalisation Details'!I37="?","Unknown",'Hospitalisation Details'!I37) -> R1013
... P2344: 1968 | Q2344: Oct | R2344: =IF('Hospitalisation Details'!I2344="?","Unknown",'Hospitalisation Details'!I2344) -> R1013

Sheet Split_Neames
A1: name | E1: Last Name | F1: TITLE | G1: First Name | I1: First Name
A2: Hawks, Ms. Kelly | E2: Hawks | F2: Ms | G2: Kelly | I2: =_xlfn.TEXTJOIN("",TRUE,G2) -> Kelly
A3: Lehner, Mr. Matthew D | E3: Lehner | F3: Mr | G3: Matthew D | I3: =_xlfn.TEXTJOIN("",TRUE,G3) -> Matthew D
A4: Lu, Mr. Phil | E4: Lu | F4: Mr | G4: Phil | I4: =_xlfn.TEXTJOIN("",TRUE,G4) -> Phil
A5: Osborne, Ms. Kelsey | E5: Osborne | F5: Ms | G5: Kelsey | I5: =_xlfn.TEXTJOIN("",TRUE,G5) -> Kelsey
A6: Kadala, Ms. Kristyn | E6: Kadala | F6: Ms | G6: Kristyn | I6: =_xlfn.TEXTJOIN("",TRUE,G6) -> Kristyn
A7: Baker, Mr. Russell B. | E7: Baker | F7: Mr | G7: Russell B | I7: =_xlfn.TEXTJOIN("",TRUE,G7) -> Russell B
A8: Macpherson, Mr. Scott | E8: Macpherson | F8: Mr | G8: Scott | I8: =_xlfn.TEXTJOIN("",TRUE,G8) -> Scott
A9: Hallman, Mr. Stephen | E9: Hallman | F9: Mr | G9: Stephen | I9: =_xlfn.TEXTJOIN("",TRUE,G9) -> Stephen
A10: Moran, Mr. Patrick R. | E10: Moran | F10: Mr | G10: Patrick R | I10: =_xlfn.TEXTJOIN("",TRUE,G10) -> Patrick R
A11: Benner, Ms. Brooke N. | E11: Benner | F11: Ms | G11: Brooke N | I11: =_xlfn.TEXTJOIN("",TRUE,G11) -> Brooke N
A12: Fierro Vargas, Ms. Paola Andrea | E12: Fierro Vargas | F12: Ms | G12: Paola Andrea | I12: =_xlfn.TEXTJOIN("",TRUE,G12) -> Paola Andrea
A13: Franz, Mr. David | E13: Franz | F13: Mr | G13: David | I13: =_xlfn.TEXTJOIN("",TRUE,G13) -> David
... A72: Turner, Mr. Jeff | E72: Turner | F72: Mr | G72: Jeff | I72: =_xlfn.TEXTJOIN("",TRUE,G72) -> Jeff
A73: Rangel, Mr. Elenilton V. Sr. | E73: Rangel | F73: Mr | G73: Elenilton V | H73: Sr | I73: =_xlfn.TEXTJOIN("",TRUE,G73) -> Elenilton V
A74: Lacey, Ms. Maurya | E74: Lacey | F74: Ms | G74: Maurya | I74: =_xlfn.TEXTJOIN("",TRUE,G74) -> Maurya
A75: Stiger, Ms. Samantha C | E75: Stiger | F75: Ms | G75: Samantha C | I75: =_xlfn.TEXTJOIN("",TRUE,G75) -> Samantha C
A76: Caldwell, Ms. Bethany A | E76: Caldwell | F76: Ms | G76: Bethany A | I76: =_xlfn.TEXTJOIN("",TRUE,G76) -> Bethany A
A77: Marmillod, Mr. Yves | E77: Marmillod | F77: Mr | G77: Yves | I77: =_xlfn.TEXTJOIN("",TRUE,G77) -> Yves
A78: Cloutier-Simons, Ms. Danielle | E78: Cloutier-Simons | F78: Ms | G78: Danielle | I78: =_xlfn.TEXTJOIN("",TRUE,G78) -> Danielle
A79: Vegas, Ms. Julia | E79: Vegas | F79: Ms | G79: Julia | I79: =_xlfn.TEXTJOIN("",TRUE,G79) -> Julia
A80: Cochran, Mr. Joshua | E80: Cochran | F80: Mr | G80: Joshua | I80: =_xlfn.TEXTJOIN("",TRUE,G80) -> Joshua
A81: Holtzapple, Ms. Jennifer | E81: Holtzapple | F81: Ms | G81: Jennifer | I81: =_xlfn.TEXTJOIN("",TRUE,G81) -> Jennifer
A82: Meyer, Ms. Gwen M. | E82: Meyer | F82: Ms | G82: Gwen M | I82: =_xlfn.TEXTJOIN("",TRUE,G82) -> Gwen M
A83: Brickley, Mr. Patrick | E83: Brickley | F83: Mr | G83: Patrick | I83: =_xlfn.TEXTJOIN("",TRUE,G83) -> Patrick
A84: Magee, Ms. Kate | E84: Magee | F84: Ms | G84: Kate | I84: =_xlfn.TEXTJOIN("",TRUE,G84) -> Kate
A85: Thoma, Mr. Kevin | E85: Thoma | F85: Mr | G85: Kevin | I85: =_xlfn.TEXTJOIN("",TRUE,G85) -> Kevin
... A188: Dublin, Mr. Andrew P | E188: Dublin | F188: Mr | G188: Andrew P | I188: =_xlfn.TEXTJOIN("",TRUE,G188) -> Andrew P
A189: Cleland, Mr. George M. V | E189: Cleland | F189: Mr | G189: George M | H189: V | I189: =_xlfn.TEXTJOIN("",TRUE,G189) -> George M
A190: Evans, Ms. Sarah | E190: Evans | F190: Ms | G190: Sarah | I190: =_xlfn.TEXTJOIN("",TRUE,G190) -> Sarah
A191: Boyd, Ms. Lara | E191: Boyd | F191: Ms | G191: Lara | I191: =_xlfn.TEXTJOIN("",TRUE,G191) -> Lara
A192: Roulier, Mr. Sebastien | E192: Roulier | F192: Mr | G192: Sebastien | I192: =_xlfn.TEXTJOIN("",TRUE,G192) -> Sebastien
A193: Mullins, Mr. Padraig | E193: Mullins | F193: Mr | G193: Padraig | I193: =_xlfn.TEXTJOIN("",TRUE,G193) -> Padraig
A194: Hofmann, Ms. Heather | E194: Hofmann | F194: Ms | G194: Heather | I194: =_xlfn.TEXTJOIN("",TRUE,G194) -> Heather
A195: Garcia Garcia, Mr. Jorge | E195: Garcia Garcia | F195: Mr | G195: Jorge | I195: =_xlfn.TEXTJOIN("",TRUE,G195) -> Jorge
A196: Klecker, Mr. Jack R | E196: Klecker | F196: Mr | G196: Jack R | I196: =_xlfn.TEXTJOIN("",TRUE,G196) -> Jack R
A197: Cancre, Mr. Felix | E197: Cancre | F197: Mr | G197: Felix | I197: =_xlfn.TEXTJOIN("",TRUE,G197) -> Felix
A198: Denucci, Mr. Christopher C | E198: Denucci | F198: Mr | G198: Christopher C | I198: =_xlfn.TEXTJOIN("",TRUE,G198) -> Christopher C
A199: Saldana, Mr. Jesse | E199: Saldana | F199: Mr | G199: Jesse | I199: =_xlfn.TEXTJOIN("",TRUE,G199) -> Jesse
A200: Weinberg, Ms. Jill | E200: Weinberg | F200: Ms | G200: Jill | I200: =_xlfn.TEXTJOIN("",TRUE,G200) -> Jill
A201: Walsh, Mr. William | E201: Walsh | F201: Mr | G201: William | I201: =_xlfn.TEXTJOIN("",TRUE,G201) -> William
... A476: Narang, Mr. Jatin | E476: Narang | F476: Mr | G476: Jatin | I476: =_xlfn.TEXTJOIN("",TRUE,G476) -> Jatin
A477: Royston, Mr. J P. II | E477: Royston | F477: Mr | G477: J P | H477: II | I477: =_xlfn.TEXTJOIN("",TRUE,G477) -> J P
A478: Tieri, Ms. Angela M. | E478: Tieri | F478: Ms | G478: Angela M | I478: =_xlfn.TEXTJOIN("",TRUE,G478) -> Angela M
A479: Whitney, Mr. Blake K. | E479: Whitney | F479: Mr | G479: Blake K | I479: =_xlfn.TEXTJOIN("",TRUE,G479) -> Blake K
A480: Wandzilak, Mr. Brian T. | E480: Wandzilak | F480: Mr | G480: Brian T | I480: =_xlfn.TEXTJOIN("",TRUE,G480) -> Brian T
A481: Valenzona, Mr. Damon | E481: Valenzona | F481: Mr | G481: Damon | I481: =_xlfn.TEXTJOIN("",TRUE,G481) -> Damon
A482: Young, Mr. Jeffrey | E482: Young | F482: Mr | G482: Jeffrey | I482: =_xlfn.TEXTJOIN("",TRUE,G482) -> Jeffrey
A483: Richards, Mr. Malcolm J. | E483: Richards | F483: Mr | G483: Malcolm J | I483: =_xlfn.TEXTJOIN("",TRUE,G483) -> Malcolm J
A484: Alexson, Ms. Margaret B. | E484: Alexson | F484: Ms | G484: Margaret B | I484: =_xlfn.TEXTJOIN("",TRUE,G484) -> Margaret B
A485: Wright, Ms. Helen | E485: Wright | F485: Ms | G485: Helen | I485: =_xlfn.TEXTJOIN("",TRUE,G485) -> Helen
A486: McKenna, Mr. Matthew | E486: McKenna | F486: Mr | G486: Matthew | I486: =_xlfn.TEXTJOIN("",TRUE,G486) -> Matthew
A487: Sallade, Mr. Jeff | E487: Sallade | F487: Mr | G487: Jeff | I487: =_xlfn.TEXTJOIN("",TRUE,G487) -> Jeff
A488: Argall, Mrs. Tara R | E488: Argall | F488: Mrs | G488: Tara R | I488: =_xlfn.TEXTJOIN("",TRUE,G488) -> Tara R
A489: Patchell, Ms. Kristin | E489: Patchell | F489: Ms | G489: Kristin | I489: =_xlfn.TEXTJOIN("",TRUE,G489) -> Kristin
... A725: Nemec, Mrs. Lisa | E725: Nemec | F725: Mrs | G725: Lisa | I725: =_xlfn.TEXTJOIN("",TRUE,G725) -> Lisa
A726: Appman, Mr. William D. Jr. | E726: Appman | F726: Mr | G726: William D | H726: Jr | I726: =_xlfn.TEXTJOIN("",TRUE,G726) -> William D
A727: Driscoll, Mr. James | E727: Driscoll | F727: Mr | G727: James | I727: =_xlfn.TEXTJOIN("",TRUE,G727) -> James
A728: Glotzbach, Mr. John | E728: Glotzbach | F728: Mr | G728: John | I728: =_xlfn.TEXTJOIN("",TRUE,G728) -> John
A729: Tenforde, Mr. Adam S | E729: Tenforde | F729: Mr | G729: Adam S | I729: =_xlfn.TEXTJOIN("",TRUE,G729) -> Adam S
A730: Ramirez, Mr. Armando | E730: Ramirez | F730: Mr | G730: Armando | I730: =_xlfn.TEXTJOIN("",TRUE,G730) -> Armando
A731: Stanley Torres, Ms. Dana | E731: Stanley Torres | F731: Ms | G731: Dana | I731: =_xlfn.TEXTJOIN("",TRUE,G731) -> Dana
A732: Vandongen, Ms. Jennifer L | E732: Vandongen | F732: Ms | G732: Jennifer L | I732: =_xlfn.TEXTJOIN("",TRUE,G732) -> Jennifer L
A733: Liebald, Mr. Benjamin | E733: Liebald | F733: Mr | G733: Benjamin | I733: =_xlfn.TEXTJOIN("",TRUE,G733) -> Benjamin
A734: Holte, Ms. Tanya | E734: Holte | F734: Ms | G734: Tanya | I734: =_xlfn.TEXTJOIN("",TRUE,G734) -> Tanya
A735: Johnson, Ms. Tracy | E735: Johnson | F735: Ms | G735: Tracy | I735: =_xlfn.TEXTJOIN("",TRUE,G735) -> Tracy
A736: Bartlett, Ms. Emily S | E736: Bartlett | F736: Ms | G736: Emily S | I736: =_xlfn.TEXTJOIN("",TRUE,G736) -> Emily S
A737: Bergman, Ms. Kelly R | E737: Bergman | F737: Ms | G737: Kelly R | I737: =_xlfn.TEXTJOIN("",TRUE,G737) -> Kelly R
A738: Aitken, Mr. Kyle | E738: Aitken | F738: Mr | G738: Kyle | I738: =_xlfn.TEXTJOIN("",TRUE,G738) -> Kyle
... A892: Bauder, Mr. Andrew R | E892: Bauder | F892: Mr | G892: Andrew R | I892: =_xlfn.TEXTJOIN("",TRUE,G892) -> Andrew R
A893: Mendoza, Mr. Francisco J. Sr. | E893: Mendoza | F893: Mr | G893: Francisco J | H893: Sr | I893: =_xlfn.TEXTJOIN("",TRUE,G893) -> Francisco J
A894: Glass, Mrs. Rhonda | E894: Glass | F894: Mrs | G894: Rhonda | I894: =_xlfn.TEXTJOIN("",TRUE,G894) -> Rhonda
A895: Butcher, Mr. John | E895: Butcher | F895: Mr | G895: John | I895: =_xlfn.TEXTJOIN("",TRUE,G895) -> John
A896: Traiser, Mr. Miles J. | E896: Traiser | F896: Mr | G896: Miles J | I896: =_xlfn.TEXTJOIN("",TRUE,G896) -> Miles J
A897: Mudy-Mader, Ms. Justyna I. | E897: Mudy-Mader | F897: Ms | G897: Justyna I | I897: =_xlfn.TEXTJOIN("",TRUE,G897) -> Justyna I
A898: Rogers, Ms. Lucille | E898: Rogers | F898: Ms | G898: Lucille | I898: =_xlfn.TEXTJOIN("",TRUE,G898) -> Lucille
A899: Woo, Ms. April | E899: Woo | F899: Ms | G899: April | I899: =_xlfn.TEXTJOIN("",TRUE,G899) -> April
A900: Walsh, Mr. Robert | E900: Walsh | F900: Mr | G900: Robert | I900: =_xlfn.TEXTJOIN("",TRUE,G900) -> Robert
A901: White, Mrs. Alyssa | E901: White | F901: Mrs | G901: Alyssa | I901: =_xlfn.TEXTJOIN("",TRUE,G901) -> Alyssa
A902: Sheppard, Ms. Jessica E. | E902: Sheppard | F902: Ms | G902: Jessica E | I902: =_xlfn.TEXTJOIN("",TRUE,G902) -> Jessica E
A903: Doran, Mr. Patrick J. | E903: Doran | F903: Mr | G903: Patrick J | I903: =_xlfn.TEXTJOIN("",TRUE,G903) -> Patrick J
A904: Labrosse, Ms. Emilie | E904: Labrosse | F904: Ms | G904: Emilie | I904: =_xlfn.TEXTJOIN("",TRUE,G904) -> Emilie
A905: Thomas, Ms. Caitlin B. | E905: Thomas | F905: Ms | G905: Caitlin B | I905: =_xlfn.TEXTJOIN("",TRUE,G905) -> Caitlin B
... A1062: Dockemeyer, Mr. Kevin J | E1062: Dockemeyer | F1062: Mr | G1062: Kevin J | I1062: =_xlfn.TEXTJOIN("",TRUE,G1062) -> Kevin J
A1063: Steele, Mr. William H. III | E1063: Steele | F1063: Mr | G1063: William H | H1063: III | I1063: =_xlfn.TEXTJOIN("",TRUE,G1063) -> William H
A1064: Harel, Mr. Gal | E1064: Harel | F1064: Mr | G1064: Gal | I1064: =_xlfn.TEXTJOIN("",TRUE,G1064) -> Gal
A1065: Aguila, Mr. Anton | E1065: Aguila | F1065: Mr | G1065: Anton | I1065: =_xlfn.TEXTJOIN("",TRUE,G1065) -> Anton
A1066: Vallejo Sarmiento, Ms. Yazmin | E1066: Vallejo Sarmiento | F1066: Ms | G1066: Yazmin | I1066: =_xlfn.TEXTJOIN("",TRUE,G1066) -> Yazmin
A1067: Beisheim, Mr. Florian | E1067: Beisheim | F1067: Mr | G1067: Florian | I1067: =_xlfn.TEXTJOIN("",TRUE,G1067) -> Florian
A1068: Lenhoff, Ms. Karen L | E1068: Lenhoff | F1068: Ms | G1068: Karen L | I1068: =_xlfn.TEXTJOIN("",TRUE,G1068) -> Karen L
A1069: Wehrwein, Mr. Scott | E1069: Wehrwein | F1069: Mr | G1069: Scott | I1069: =_xlfn.TEXTJOIN("",TRUE,G1069) -> Scott
A1070: Wallace, Ms. Claire | E1070: Wallace | F1070: Ms | G1070: Claire | I1070: =_xlfn.TEXTJOIN("",TRUE,G1070) -> Claire
A1071: Markowitz, Ms. Lynn M. | E1071: Markowitz | F1071: Ms | G1071: Lynn M | I1071: =_xlfn.TEXTJOIN("",TRUE,G1071) -> Lynn M
A1072: Vos, Ms. Sharon | E1072: Vos | F1072: Ms | G1072: Sharon | I1072: =_xlfn.TEXTJOIN("",TRUE,G1072) -> Sharon
A1073: McLeod, Mrs. Candice | E1073: McLeod | F1073: Mrs | G1073: Candice | I1073: =_xlfn.TEXTJOIN("",TRUE,G1073) -> Candice
A1074: Balcom, Ms. Jennifer D | E1074: Balcom | F1074: Ms | G1074: Jennifer D | I1074: =_xlfn.TEXTJOIN("",TRUE,G1074) -> Jennifer D
A1075: Dirth, Mr. Eric | E1075: Dirth | F1075: Mr | G1075: Eric | I1075: =_xlfn.TEXTJOIN("",TRUE,G1075) -> Eric
... A1295: Tadich, Ms. Katarina D | E1295: Tadich | F1295: Ms | G1295: Katarina D | I1295: =_xlfn.TEXTJOIN("",TRUE,G1295) -> Katarina D
A1296: Christenson, Mr. B.j. | E1296: Christenson | F1296: Mr | G1296: B | H1296: j | I1296: =_xlfn.TEXTJOIN("",TRUE,G1296) -> B
A1297: Shell, Ms. Alison | E1297: Shell | F1297: Ms | G1297: Alison | I1297: =_xlfn.TEXTJOIN("",TRUE,G1297) -> Alison
...

Sheet Data _Transformation
A1: Customer ID | B1: First Name | C1: BMI | D1: HBA1C | E1: Heart Issues | F1: Any Transplants | G1: Cancer history | H1: Number Of Major Surgeries | I1: Smoking Habit | J1: Weight Status | K1: Diabetes Status | L1: DOB | M1: charges | N1: Hospital tier | O1: City tier | P1: State ID | Q1: AGE
A2: Id1 | B2: Kelly | C2: 47.41 | D2: 7.47 | E2: No | F2: No | G2: No | H2: =IF('Medical Examinations'!G2="No major surgery",0,'Medical Examinations'!G2) -> 0 | I2: Smoker | J2: =IF(C2<18.5,"Under weight",IF(C2<25,"Normal weight",IF(C2<30,"Over weight","Obesity"))) -> Obesity | K2: =IF(D2<5.7,"Normal",IF(D2<6.4,"Prediabetes","Diabetes")) -> Diabetes | L2: =DATE('Data cleaning'!P2,MONTH(1&'Data cleaning'!Q2),'Hospitalisation Details'!D2) -> 33794 | M2: 563.84 | N2: tier - 2 | O2: tier - 3 | P2: R1013 | Q2: =INT(YEARFRAC(L2,DATE(2023,6,8))) -> 30 | AB2: bmi | AC2: weight status
A3: Id2 | B3: Matthew D | C3: 30.36 | D3: 5.77 | E3: No | F3: No | G3: No | H3: =IF('Medical Examinations'!G3="No major surgery",0,'Medical Examinations'!G3) -> 0 | I3: Smoker | J3: =IF(C3<18.5,"Under weight",IF(C3<25,"Normal weight",IF(C3<30,"Over weight","Obesity"))) -> Obesity | K3: =IF(D3<5.7,"Normal",IF(D3<6.4,"Prediabetes","Diabetes")) -> Prediabetes | L3: =DATE('Data cleaning'!P3,MONTH(1&'Data cleaning'!Q3),'Hospitalisation Details'!D3) -> 33938 | M3: 570.62 | N3: tier - 2 | O3: tier - 1 | P3: R1013 | Q3: =INT(YEARFRAC(L3,DATE(2023,6,8))) -> 30 | AB3: below 18.5 | AC3: Underweight
A4: Id3 | B4: Phil | C4: 34.485 | D4: 11.87 | E4: Yes | F4: No | G4: No | H4: =IF('Medical Examinations'!G4="No major surgery",0,'Medical Examinations'!G4) -> 2 | I4: Smoker | J4: =IF(C4<18.5,"Under weight",IF(C4<25,"Normal weight",IF(C4<30,"Over weight","Obesity"))) -> Obesity | K4: =IF(D4<5.7,"Normal",IF(D4<6.4,"Prediabetes","Diabetes")) -> Diabetes | L4: =DATE('Data cleaning'!P4,MONTH(1&'Data cleaning'!Q4),'Hospitalisation Details'!D4) -> 34150 | M4: 600 | N4: tier - 2 | O4: tier - 1 | P4: R1013 | Q4: =INT(YEARFRAC(L4,DATE(2023,6,8))) -> 29 | AB4: 18.5-24.9 | AC4: Normal weight
A5: Id4 | B5: Kelsey | C5: 38.095 | D5: 6.05 | E5: No | F5: No | G5: No | H5: =IF('Medical Examinations'!G5="No major surgery",0,'Medical Examinations'!G5) -> 0 | I5: Smoker | J5: =IF(C5<18.5,"Under weight",IF(C5<25,"Normal weight",IF(C5<30,"Over weight","Obesity"))) -> Obesity | K5: =IF(D5<5.7,"Normal",IF(D5<6.4,"Prediabetes","Diabetes")) -> Prediabetes | L5: =DATE('Data cleaning'!P5,MONTH(1&'Data cleaning'!Q5),'Hospitalisation Details'!D5) -> 33860 | M5: 604.54 | N5: tier - 3 | O5: tier - 3 | P5: R1013 | Q5: =INT(YEARFRAC(L5,DATE(2023,6,8))) -> 30 | AB5: 25.0-29.9 | AC5: Overweight
A6: Id5 | B6: Kristyn | C6: 35.53 | D6: 5.45 | E6: No | F6: No | G6: No | H6: =IF('Medical Examinations'!G6="No major surgery",0,'Medical Examinations'!G6) -> 0 | I6: Smoker | J6: =IF(C6<18.5,"Under weight",IF(C6<25,"Normal weight",IF(C6<30,"Over weight","Obesity"))) -> Obesity | K6: =IF(D6<5.7,"Normal",IF(D6<6.4,"Prediabetes","Diabetes")) -> Normal | L6: =DATE('Data cleaning'!P6,MONTH(1&'Data cleaning'!Q6),'Hospitalisation Details'!D6) -> 36003 | M6: 637.26 | N6: tier - 3 | O6: tier - 3 | P6: R1013 | Q6: =INT(YEARFRAC(L6,DATE(2023,6,8))) -> 24 | AB6: 30.0 and above | AC6: Obesity
A7: Id6 | B7: Russell B | C7: 32.8 | D7: 6.59 | E7: No | F7: No | G7: No | H7: =IF('Medical Examinations'!G7="No major surgery",0,'Medical Examinations'!G7) -> 0 | I7: Smoker | J7: =IF(C7<18.5,"Under weight",IF(C7<25,"Normal weight",IF(C7<30,"Over weight","Obesity"))) -> Obesity | K7: =IF(D7<5.7,"Normal",IF(D7<6.4,"Prediabetes","Diabetes")) -> Diabetes | L7: =DATE('Data cleaning'!P7,MONTH(1&'Data cleaning'!Q7),'Hospitalisation Details'!D7) -> 37215 | M7: 646.14 | N7: tier - 3 | O7: tier - 3 | P7: R1012 | Q7: =INT(YEARFRAC(L7,DATE(2023,6,8))) -> 21
A8: Id7 | B8: Scott | C8: 36.4 | D8: 6.07 | E8: No | F8: No | G8: No | H8: =IF('Medical Examinations'!G8="No major surgery",0,'Medical Examinations'!G8) -> 0 | I8: Smoker | J8: =IF(C8<18.5,"Under weight",IF(C8<25,"Normal weight",IF(C8<30,"Over weight","Obesity"))) -> Obesity | K8: =IF(D8<5.7,"Normal",IF(D8<6.4,"Prediabetes","Diabetes")) -> Prediabetes | L8: =DATE('Data cleaning'!P8,MONTH(1&'Data cleaning'!Q8),'Hospitalisation Details'!D8) -> 34121 | M8: 650 | N8: tier - 3 | O8: tier - 3 | P8: R1013 | Q8: =INT(YEARFRAC(L8,DATE(2023,6,8))) -> 30
A9: Id8 | B9: Stephen | C9: 36.96 | D9: 7.93 | E9: No | F9: No | G9: No | H9: =IF('Medical Examinations'!G9="No major surgery",0,'Medical Examinations'!G9) -> 3 | I9: Smoker | J9: =IF(C9<18.5,"Under weight",IF(C9<25,"Normal weight",IF(C9<30,"Over weight","Obesity"))) -> Obesity | K9: =IF(D9<5.7,"Normal",IF(D9<6.4,"Prediabetes","Diabetes")) -> Diabetes | L9: =DATE('Data cleaning'!P9,MONTH(1&'Data cleaning'!Q9),'Hospitalisation Details'!D9) -> 34884 | M9: 650 | N9: tier - 3 | O9: tier - 3 | P9: R1013 | Q9: =INT(YEARFRAC(L9,DATE(2023,6,8))) -> 27
A10: Id9 | B10: Patrick R | C10: 41.14 | D10: 9.58 | E10: Yes | F10: No | G10: Yes | H10: =IF('Medical Examinations'!G10="No major surgery",0,'Medical Examinations'!G10) -> 1 | I10: Smoker | J10: =IF(C10<18.5,"Under weight",IF(C10<25,"Normal weight",IF(C10<30,"Over weight","Obesity"))) -> Obesity | K10: =IF(D10<5.7,"Normal",IF(D10<6.4,"Prediabetes","Diabetes")) -> Diabetes | L10: =DATE('Data cleaning'!P10,MONTH(1&'Data cleaning'!Q10),'Hospitalisation Details'!D10) -> 37589 | M10: 668 | N10: tier - 3 | O10: tier - 2 | P10: R1012 | Q10: =INT(YEARFRAC(L10,DATE(2023,6,8))) -> 20
A11: Id10 | B11: Brooke N | C11: 38.06 | D11: 10.79 | E11: No | F11: No | G11: No | H11: =IF('Medical Examinations'!G11="No major surgery",0,'Medical Examinations'!G11) -> 0 | I11: Smoker | J11: =IF(C11<18.5,"Under weight",IF(C11<25,"Normal weight",IF(C11<30,"Over weight","Obesity"))) -> Obesity | K11: =IF(D11<5.7,"Normal",IF(D11<6.4,"Prediabetes","Diabetes")) -> Diabetes | L11: =DATE('Data cleaning'!P11,MONTH(1&'Data cleaning'!Q11),'Hospitalisation Details'!D11) -> 35743 | M11: 670 | N11: tier - 3 | O11: tier - 3 | P11: R1013 | Q11: =INT(YEARFRAC(L11,DATE(2023,6,8))) -> 25
A12: Id11 | B12: Paola Andrea | C12: 37.7 | D12: 5.96 | E12: Yes | F12: No | G12: No | H12: =IF('Medical Examinations'!G12="No major surgery",0,'Medical Examinations'!G12) -> 2 | I12: Smoker | J12: =IF(C12<18.5,"Under weight",IF(C12<25,"Normal weight",IF(C12<30,"Over weight","Obesity"))) -> Obesity | K12: =IF(D12<5.7,"Normal",IF(D12<6.4,"Prediabetes","Diabetes")) -> Prediabetes | L12: =DATE('Data cleaning'!P12,MONTH(1&'Data cleaning'!Q12),'Hospitalisation Details'!D12) -> 37146 | M12: 687.54 | N12: tier - 3 | O12: tier - 2 | P12: R1013 | Q12: =INT(YEARFRAC(L12,DATE(2023,6,8))) -> 21
A13: Id13 | B13: Wade | C13: 40.92 | D13: 8.41 | E13: No | F13: No | G13: No | H13: =IF('Medical Examinations'!G14="No major surgery",0,'Medical Examinations'!G14) -> 0 | I13: Smoker | J13: =IF(C13<18.5,"Under weight",IF(C13<25,"Normal weight",IF(C13<30,"Over weight","Obesity"))) -> Obesity | K13: =IF(D13<5.7,"Normal",IF(D13<6.4,"Prediabetes","Diabetes")) -> Diabetes | L13: =DATE('Data cleaning'!P14,MONTH(1&'Data cleaning'!Q14),'Hospitalisation Details'!D14) -> 36508 | M13: 722.99 | N13: tier - 3 | O13: tier - 1 | P13: R1013 | Q13: =INT(YEARFRAC(L13,DATE(2023,6,8))) -> 23
A14: Id14 | B14: Franklin | C14: 40.565 | D14: 7.02 | E14: No | F14: No | G14: No | H14: =IF('Medical Examinations'!G15="No major surgery",0,'Medical Examinations'!G15) -> 0 | I14: Smoker | J14: =IF(C14<18.5,"Under weight",IF(C14<25,"Normal weight",IF(C14<30,"Over weight","Obesity"))) -> Obesity | K14: =IF(D14<5.7,"Normal",IF(D14<6.4,"Prediabetes","Diabetes")) -> Diabetes | L14: =DATE('Data cleaning'!P15,MONTH(1&'Data cleaning'!Q15),'Hospitalisation Details'!D15) -> 37518 | M14: 750 | N14: tier - 3 | O14: tier - 1 | P14: R1012 | Q14: =INT(YEARFRAC(L14,DATE(2023,6,8))) -> 20
A15: Id15 | B15: Leilani M | C15: 36.385 | D15: 7.59 | E15: Yes | F15: No | G15: No | H15: =IF('Medical Examinations'!G16="No major surgery",0,'Medical Examinations'!G16) -> 2 | I15: Smoker | J15: =IF(C15<18.5,"Under weight",IF(C15<25,"Normal weight",IF(C15<30,"Over weight","Obesity"))) -> Obesity | K15: =IF(D15<5.7,"Normal",IF(D15<6.4,"Prediabetes","Diabetes")) -> Diabetes | L15: =DATE('Data cleaning'!P16,MONTH(1&'Data cleaning'!Q16),'Hospitalisation Details'!D16) -> 34190 | M15: 760 | N15: tier - 3 | O15: tier - 1 | P15: R1013 | Q15: =INT(YEARFRAC(L15,DATE(2023,6,8))) -> 29
A16: Id16 | B16: Philippe | C16: 39.9 | D16: 11.32 | E16: No | F16: No | G16: No | H16: =IF('Medical Examinations'!G17="No major surgery",0,'Medical Examinations'!G17) -> 0 | I16: Smoker | J16: =IF(C16<18.5,"Under weight",IF(C16<25,"Normal weight",IF(C16<30,"Over weight","Obesity"))) -> Obesity | K16: =IF(D16<5.7,"Normal",IF(D16<6.4,"Prediabetes","Diabetes")) -> Diabetes | L16: =DATE('Data cleaning'!P17,MONTH(1&'Data cleaning'!Q17),'Hospitalisation Details'!D17) -> 35360 | M16: 760 | N16: tier - 3 | O16: tier - 3 | P16: R1013 | Q16: =INT(YEARFRAC(L16,DATE(2023,6,8))) -> 26
A17: Id17 | B17: Jennifer A | C17: 33.8 | D17: 7.67 | E17: No | F17: No | G17: No | H17: =IF('Medical Examinations'!G18="No major surgery",0,'Medical Examinations'!G18) -> 3 | I17: Smoker | J17: =IF(C17<18.5,"Under weight",IF(C17<25,"Normal weight",IF(C17<30,"Over weight","Obesity"))) -> Obesity | K17: =IF(D17<5.7,"Normal",IF(D17<6.4,"Prediabetes","Diabetes")) -> Diabetes | L17: =DATE('Data cleaning'!P18,MONTH(1&'Data cleaning'!Q18),'Hospitalisation Details'!D18) -> 34148 | M17: 770 | N17: tier - 3 | O17: tier - 3 | P17: R1013 | Q17: =INT(YEARFRAC(L17,DATE(2023,6,8))) -> 29
A18: Id19 | B18: Said Sr | C18: 36.955 | D18: 4.72 | E18: Yes | F18: No | G18: No | H18: =IF('Medical Examinations'!G20="No major surgery",0,'Medical Examinations'!G20) -> 1 | I18: Smoker | J18: =IF(C18<18.5,"Under weight",IF(C18<25,"Normal weight",IF(C18<30,"Over weight","Obesity"))) -> Obesity | K18: =IF(D18<5.7,"Normal",IF(D18<6.4,"Prediabetes","Diabetes")) -> Normal | L18: =DATE('Data cleaning'!P20,MONTH(1&'Data cleaning'!Q20),'Hospitalisation Details'!D20) -> 35040 | M18: 773.54 | N18: tier - 3 | O18: tier - 2 | P18: R1013 | Q18: =INT(YEARFRAC(L18,DATE(2023,6,8))) -> 27
A19: Id20 | B19: John | C19: 42.9 | D19: 11.41 | E19: No | F19: No | G19: No | H19: =IF('Medical Examinations'!G21="No major surgery",0,'Medical Examinations'!G21) -> 0 | I19: Smoker | J19: =IF(C19<18.5,"Under weight",IF(C19<25,"Normal weight",IF(C19<30,"Over weight","Obesity"))) -> Obesity | K19: =IF(D19<5.7,"Normal",IF(D19<6.4,"Prediabetes","Diabetes")) -> Diabetes | L19: =DATE('Data cleaning'!P21,MONTH(1&'Data cleaning'!Q21),'Hospitalisation Details'!D21) -> 38267 | M19: 830.52 | N19: tier - 3 | O19: tier - 2 | P19: R1011 | Q19: =INT(YEARFRAC(L19,DATE(2023,6,8))) -> 18
A20: Id21 | B20: Myles | C20: 36.3 | D20: 11.5 | E20: Yes | F20: No | G20: No | H20: =IF('Medical Examinations'!G22="No major surgery",0,'Medical Examinations'!G22) -> 2 | I20: Smoker | J20: =IF(C20<18.5,"Under weight",IF(C20<25,"Normal weight",IF(C20<30,"Over weight","Obesity"))) -> Obesity | K20: =IF(D20<5.7,"Normal",IF(D20<6.4,"Prediabetes","Diabetes")) -> Diabetes | L20: =DATE('Data cleaning'!P22,MONTH(1&'Data cleaning'!Q22),'Hospitalisation Details'!D22) -> 36848 | M20: 865.41 | N20: tier - 3 | O20: tier - 1 | P20: R1013 | Q20: =INT(YEARFRAC(L20,DATE(2023,6,8))) -> 22
A21: Id22 | B21: Madelyn C | C21: 32.2 | D21: 6.22 | E21: Yes | F21: No | G21: No | H21: =IF('Medical Examinations'!G23="No major surgery",0,'Medical Examinations'!G23) -> 2 | I21: Smoker | J21: =IF(C21<18.5,"Under weight",IF(C21<25,"Normal weight",IF(C21<30,"Over weight","Obesity"))) -> Obesity | K21: =IF(D21<5.7,"Normal",IF(D21<6.4,"Prediabetes","Diabetes")) -> Prediabetes | L21: =DATE('Data cleaning'!P23,MONTH(1&'Data cleaning'!Q23),'Hospitalisation Details'!D23) -> 34300 | M21: 896.21 | N21: tier - 3 | O21: tier - 1 | P21: R1013 | Q21: =INT(YEARFRAC(L21,DATE(2023,6,8))) -> 29
A22: Id23 | B22: Nicole | C22: 31.3 | D22: 11.38 | E22: No | F22: No | G22: No | H22: =IF('Medical Examinations'!G24="No major surgery",0,'Medical Examinations'!G24) -> 3 | I22: Smoker | J22: =IF(C22<18.5,"Under weight",IF(C22<25,"Normal weight",IF(C22<30,"Over weight","Obesity"))) -> Obesity | K22: =IF(D22<5.7,"Normal",IF(D22<6.4,"Prediabetes","Diabetes")) -> Diabetes | L22: =DATE('Data cleaning'!P24,MONTH(1&'Data cleaning'!Q24),'Hospitalisation Details'!D24) -> 34637 | M22: 915.07 | N22: tier - 3 | O22: tier - 1 | P22: R1013 | Q22: =INT(YEARFRAC(L22,DATE(2023,6,8))) -> 28
A23: Id24 | B23: Eric A | C23: 41.8 | D23: 7.89 | E23: Yes | F23: No | G23: No | H23: =IF('Medical Examinations'!G25="No major surgery",0,'Medical Examinations'!G25) -> 2 | I23: Smoker | J23: =IF(C23<18.5,"Under weight",IF(C23<25,"Normal weight",IF(C23<30,"Over weight","Obesity"))) -> Obesity | K23: =IF(D23<5.7,"Normal",IF(D23<6.4,"Prediabetes","Diabetes")) -> Diabetes | L23: =DATE('Data cleaning'!P25,MONTH(1&'Data cleaning'!Q25),'Hospitalisation Details'!D25) -> 35000 | M23: 928.59 | N23: tier - 3 | O23: tier - 1 | P23: R1013 | Q23: =INT(YEARFRAC(L23,DATE(2023,6,8))) -> 27
A24: Id25 | B24: Emiliano I | C24: 35.09 | D24: 4.38 | E24: Yes | F24: No | G24: No | H24: =IF('Medical Examinations'!G26="No major surgery",0,'Medical Examinations'!G26) -> 2 | I24: Smoker | J24: =IF(C24<18.5,"Under weight",IF(C24<25,"Normal weight",IF(C24<30,"Over weight","Obesity"))) -> Obesity | K24: =IF(D24<5.7,"Normal",IF(D24<6.4,"Prediabetes","Diabetes")) -> Normal | L24: =DATE('Data cleaning'!P26,MONTH(1&'Data cleaning'!Q26),'Hospitalisation Details'!D26) -> 37122 | M24: 964.71 | N24: tier - 3 | O24: tier - 2 | P24: R1013 | Q24: =INT(YEARFRAC(L24,DATE(2023,6,8))) -> 21
A25: Id26 | B25: Adam | C25: 33.88 | D25: 7.01 | E25: No | F25: No | G25: No | H25: =IF('Medical Examinations'!G27="No major surgery",0,'Medical Examinations'!G27) -> 3 | I25: Smoker | J25: =IF(C25<18.5,"Under weight",IF(C25<25,"Normal weight",IF(C25<30,"Over weight","Obesity"))) -> Obesity | K25: =IF(D25<5.7,"Normal",IF(D25<6.4,"Prediabetes","Diabetes")) -> Diabetes | L25: =DATE('Data cleaning'!P27,MONTH(1&'Data cleaning'!Q27),'Hospitalisation Details'!D27) -> 34660 | M25: 1006.65 | N25: tier - 3 | O25: tier - 2 | P25: R1013 | Q25: =INT(YEARFRAC(L25,DATE(2023,6,8))) -> 28
A26: Id27 | B26: Zach | C26: 30.875 | D26: 11.88 | E26: No | F26: No | G26: No | H26: =IF('Medical Examinations'!G28="No major surgery",0,'Medical Examinations'!G28) -> 0 | I26: Smoker | J26: =IF(C26<18.5,"Under weight",IF(C26<25,"Normal weight",IF(C26<30,"Over weight","Obesity"))) -> Obesity | K26: =IF(D26<5.7,"Normal",IF(D26<6.4,"Prediabetes","Diabetes")) -> Diabetes | L26: =DATE('Data cleaning'!P28,MONTH(1&'Data cleaning'!Q28),'Hospitalisation Details'!D28) -> 36808 | M26: 1012 | N26: tier - 3 | O26: tier - 2 | P26: R1013 | Q26: =INT(YEARFRAC(L26,DATE(2023,6,8))) -> 22
A27: Id28 | B27: Stephanie W | C27: 36.86 | D27: 5.19 | E27: Yes | F27: No | G27: Yes | H27: =IF('Medical Examinations'!G29="No major surgery",0,'Medical Examinations'!G29) -> 1 | I27: Smoker | J27: =IF(C27<18.5,"Under weight",IF(C27<25,"Normal weight",IF(C27<30,"Over weight","Obesity"))) -> Obesity | K27: =IF(D27<5.7,"Normal",IF(D27<6.4,"Prediabetes","Diabetes")) -> Normal | L27: =DATE('Data cleaning'!P29,MONTH(1&'Data cleaning'!Q29),'Hospitalisation Details'!D29) -> 36377 | M27: 1019 | N27: tier - 3 | O27: tier - 2 | P27: R1013 | Q27: =INT(YEARFRAC(L27,DATE(2023,6,8))) -> 23
A28: Id29 | B28: Stephen | C28: 35.86 | D28: 6.74 | E28: Yes | F28: No | G28: No | H28: =IF('Medical Examinations'!G30="No major surgery",0,'Medical Examinations'!G30) -> 2 | I28: Smoker | J28: =IF(C28<18.5,"Under weight",IF(C28<25,"Normal weight",IF(C28<30,"Over weight","Obesity"))) -> Obesity | K28: =IF(D28<5.7,"Normal",IF(D28<6.4,"Prediabetes","Diabetes")) -> Diabetes | L28: =DATE('Data cleaning'!P30,MONTH(1&'Data cleaning'!Q30),'Hospitalisation Details'!D30) -> 34977 | M28: 1033.74 | N28: tier - 3 | O28: tier - 1 | P28: R1013 | Q28: =INT(YEARFRAC(L28,DATE(2023,6,8))) -> 27
A29: Id30 | B29: Natalie | C29: 37.05 | D29: 8.44 | E29: No | F29: No | G29: No | H29: =IF('Medical Examinations'!G31="No major surgery",0,'Medical Examinations'!G31) -> 0 | I29: Smoker | J29: =IF(C29<18.5,"Under weight",IF(C29<25,"Normal weight",IF(C29<30,"Over weight","Obesity"))) -> Obesity | K29: =IF(D29<5.7,"Normal",IF(D29<6.4,"Prediabetes","Diabetes")) -> Diabetes | L29: =DATE('Data cleaning'!P31,MONTH(1&'Data cleaning'!Q31),'Hospitalisation Details'!D31) -> 34655 | M29: 1044 | N29: tier - 3 | O29: tier - 2 | P29: R1013 | Q29: =INT(YEARFRAC(L29,DATE(2023,6,8))) -> 28
... A543: Id544 | B543: Brooke M | C543: 32.23 | D543: 4.65 | E543: Yes | F543: No | G543: Yes | H543: =IF('Medical Examinations'!G545="No major surgery",0,'Medical Examinations'!G545) -> 1 | I543: Nonsmoker | J543: =IF(C543<18.5,"Under weight",IF(C543<25,"Normal weight",IF(C543<30,"Over weight","Obesity"))) -> Obesity | K543: =IF(D543<5.7,"Normal",IF(D543<6.4,"Prediabetes","Diabetes")) -> Normal | L543: =DATE('Data cleaning'!P545,MONTH(1&'Data cleaning'!Q545),'Hospitalisation Details'!D545) -> 29770 | M543: 4827.1 | N543: tier - 2 | O543: tier - 1 | P543: R1013 | Q543: =INT(YEARFRAC(L543,DATE(2023,6,8))) -> 41
A544: Id546 | B544: Zachary | C544: 29.735 | D544: 4.53 | E544: No | F544: No | G544: Yes | H544: =IF('Medical Examinations'!G547="No major surgery",0,'Medical Examinations'!G547) -> 1 | I544: Nonsmoker | J544: =IF(C544<18.5,"Under weight",IF(C544<25,"Normal weight",IF(C544<30,"Over weight","Obesity"))) -> Over weight | K544: =IF(D544<5.7,"Normal",IF(D544<6.4,"Prediabetes","Diabetes")) -> Normal | L544: =DATE('Data cleaning'!P547,MONTH(1&'Data cleaning'!Q547),'Hospitalisation Details'!D547) -> 37434 | M544: 4830.63 | N544: tier - 2 | O544: tier - 1 | P544: R1011 | Q544: =INT(YEARFRAC(L544,DATE(2023,6,8))) -> 20
A545: Id547 | B545: Johannah | C545: 28.31 | D545: 6.35 | E545: No | F545: No | G545: No | H545: =IF('Medical Examinations'!G548="No major surgery",0,'Medical Examinations'!G548) -> 0 | I545: Smoker | J545: =IF(C545<18.5,"Under weight",IF(C545<25,"Normal weight",IF(C545<30,"Over weight","Obesity"))) -> Over weight | K545: =IF(D545<5.7,"Normal",IF(D545<6.4,"Prediabetes","Diabetes")) -> Prediabetes | L545: =DATE('Data cleaning'!P548,MONTH(1&'Data cleaning'!Q548),'Hospitalisation Details'!D548) -> 36871 | M545: 4835.43 | N545: tier - 2 | O545: tier - 2 | P545: R1021 | Q545: =INT(YEARFRAC(L545,DATE(2023,6,8))) -> 22
A546: Id548 | B546: Ryan A | C546: 46.62 | D546: 8.51 | E546: No | F546: No | G546: No | H546: =IF('Medical Examinations'!G549="No major surgery",0,'Medical Examinations'!G549) -> 0 | I546: Nonsmoker | J546: =IF(C546<18.5,"Under weight",IF(C546<25,"Normal weight",IF(C546<30,"Over weight","Obesity"))) -> Obesity | K546: =IF(D546<5.7,"Normal",IF(D546<6.4,"Prediabetes","Diabetes")) -> Diabetes | L546: =DATE('Data cleaning'!P549,MONTH(1&'Data cleaning'!Q549),'Hospitalisation Details'!D549) -> 33857 | M546: 4837.58 | N546: tier - 3 | O546: tier - 2 | P546: R1013 | Q546: =INT(YEARFRAC(L546,DATE(2023,6,8))) -> 30
A547: Id549 | B547: Andres Sr | C547: 51.75 | D547: 8.59 | E547: Yes | F547: No | G547: No | H547: =IF('Medical Examinations'!G550="No major surgery",0,'Medical Examinations'!G550) -> 1 | I547: Nonsmoker | J547: =IF(C547<18.5,"Under weight",IF(C547<25,"Normal weight",IF(C547<30,"Over weight","Obesity"))) -> Obesity | K547: =IF(D547<5.7,"Normal",IF(D547<6.4,"Prediabetes","Diabetes")) -> Diabetes | L547: =DATE('Data cleaning'!P550,MONTH(1&'Data cleaning'!Q550),'Hospitalisation Details'!D550) -> 30970 | M547: 4839.18 | N547: tier - 2 | O547: tier - 1 | P547: R1012 | Q547: =INT(YEARFRAC(L547,DATE(2023,6,8))) -> 38
A548: Id550 | B548: Bryan | C548: 25.7 | D548: 4.13 | E548: Yes | F548: No | G548: No | H548: =IF('Medical Examinations'!G551="No major surgery",0,'Medical Examinations'!G551) -> 0 | I548: Smoker | J548: =IF(C548<18.5,"Under weight",IF(C548<25,"Normal weight",IF(C548<30,"Over weight","Obesity"))) -> Over weight | K548: =IF(D548<5.7,"Normal",IF(D548<6.4,"Prediabetes","Diabetes")) -> Normal | L548: =DATE('Data cleaning'!P551,MONTH(1&'Data cleaning'!Q551),'Hospitalisation Details'!D551) -> 34971 | M548: 4840.95 | N548: tier - 2 | O548: tier - 1 | P548: R1021 | Q548: =INT(YEARFRAC(L548,DATE(2023,6,8))) -> 27
A549: Id551 | B549: Lizette | C549: 31.79 | D549: 4.55 | E549: No | F549: No | G549: No | H549: =IF('Medical Examinations'!G552="No major surgery",0,'Medical Examinations'!G552) -> 0 | I549: Nonsmoker | J549: =IF(C549<18.5,"Under weight",IF(C549<25,"Normal weight",IF(C549<30,"Over weight","Obesity"))) -> Obesity | K549: =IF(D549<5.7,"Normal",IF(D549<6.4,"Prediabetes","Diabetes")) -> Normal | L549: =DATE('Data cleaning'!P552,MONTH(1&'Data cleaning'!Q552),'Hospitalisation Details'!D552) -> 29202 | M549: 4843.79 | N549: tier - 2 | O549: tier - 3 | P549: R1013 | Q549: =INT(YEARFRAC(L549,DATE(2023,6,8))) -> 43
A550: Id552 | B550: Don | C550: 24.795 | D550: 4.52 | E550: No | F550: No | G550: No | H550: =IF('Medical Examinations'!G553="No major surgery",0,'Medical Examinations'!G553) -> 0 | I550: Smoker | J550: =IF(C550<18.5,"Under weight",IF(C550<25,"Normal weight",IF(C550<30,"Over weight","Obesity"))) -> Normal weight | K550: =IF(D550<5.7,"Normal",IF(D550<6.4,"Prediabetes","Diabetes")) -> Normal | L550: =DATE('Data cleaning'!P553,MONTH(1&'Data cleaning'!Q553),'Hospitalisation Details'!D553) -> 27283 | M550: 4844.67 | N550: tier - 2 | O550: tier - 2 | P550: R1013 | Q550: =INT(YEARFRAC(L550,DATE(2023,6,8))) -> 48
A551: Id553 | B551: Jeb | C551: 53.98 | D551: 5.07 | E551: No | F551: No | G551: Yes | H551: =IF('Medical Examinations'!G554="No major surgery",0,'Medical Examinations'!G554) -> 1 | I551: Nonsmoker | J551: =IF(C551<18.5,"Under weight",IF(C551<25,"Normal weight",IF(C551<30,"Over weight","Obesity"))) -> Obesity | K551: =IF(D551<5.7,"Normal",IF(D551<6.4,"Prediabetes","Diabetes")) -> Normal | L551: =DATE('Data cleaning'!P554,MONTH(1&'Data cleaning'!Q554),'Hospitalisation Details'!D554) -> 37049 | M551: 4846.53 | N551: tier - 2 | O551: tier - 3 | P551: R1021 | Q551: =INT(YEARFRAC(L551,DATE(2023,6,8))) -> 22
A552: Id554 | B552: Amy R | C552: 41.325 | D552: 4.04 | E552: Yes | F552: No | G552: Yes | H552: =IF('Medical Examinations'!G555="No major surgery",0,'Medical Examinations'!G555) -> 1 | I552: Nonsmoker | J552: =IF(C552<18.5,"Under weight",IF(C552<25,"Normal weight",IF(C552<30,"Over weight","Obesity"))) -> Obesity | K552: =IF(D552<5.7,"Normal",IF(D552<6.4,"Prediabetes","Diabetes")) -> Normal | L552: =DATE('Data cleaning'!P555,MONTH(1&'Data cleaning'!Q555),'Hospitalisation Details'!D555) -> 35060 | M552: 4846.92 | N552: tier - 2 | O552: tier - 3 | P552: R1017 | Q552: =INT(YEARFRAC(L552,DATE(2023,6,8))) -> 27
A553: Id555 | B553: Brian | C553: 51.65 | D553: 5.3 | E553: Yes | F553: No | G553: No | H553: =IF('Medical Examinations'!G556="No major surgery",0,'Medical Examinations'!G556) -> 0 | I553: Nonsmoker | J553: =IF(C553<18.5,"Under weight",IF(C553<25,"Normal weight",IF(C553<30,"Over weight","Obesity"))) -> Obesity | K553: =IF(D553<5.7,"Normal",IF(D553<6.4,"Prediabetes","Diabetes")) -> Normal | L553: =DATE('Data cleaning'!P556,MONTH(1&'Data cleaning'!Q556),'Hospitalisation Details'!D556) -> 32752 | M553: 4859.89 | N553: tier - 2 | O553: tier - 3 | P553: R1011 | Q553: =INT(YEARFRAC(L553,DATE(2023,6,8))) -> 33
A554: Id556 | B554: Mike G | C554: 44.52 | D554: 8.64 | E554: Yes | F554: No | G554: Yes | H554: =IF('Medical Examinations'!G557="No major surgery",0,'Medical Examinations'!G557) -> 1 | I554: Nonsmoker | J554: =IF(C554<18.5,"Under weight",IF(C554<25,"Normal weight",IF(C554<30,"Over weight","Obesity"))) -> Obesity | K554: =IF(D554<5.7,"Normal",IF(D554<6.4,"Prediabetes","Diabetes")) -> Diabetes | L554: =DATE('Data cleaning'!P557,MONTH(1&'Data cleaning'!Q557),'Hospitalisation Details'!D557) -> 35702 | M554: 4877.98 | N554: tier - 2 | O554: tier - 3 | P554: R1012 | Q554: =INT(YEARFRAC(L554,DATE(2023,6,8))) -> 25
A555: Id557 | B555: Simonezitrone Sr | C555: 53.29 | D555: 4.03 | E555: No | F555: No | G555: Yes | H555: =IF('Medical Examinations'!G558="No major surgery",0,'Medical Examinations'!G558) -> 1 | I555: Nonsmoker | J555: =IF(C555<18.5,"Under weight",IF(C555<25,"Normal weight",IF(C555<30,"Over weight","Obesity"))) -> Obesity | K555: =IF(D555<5.7,"Normal",IF(D555<6.4,"Prediabetes","Diabetes")) -> Normal | L555: =DATE('Data cleaning'!P558,MONTH(1&'Data cleaning'!Q558),'Hospitalisation Details'!D558) -> 31769 | M555: 4883.87 | N555: tier - 2 | O555: tier - 1 | P555: R1011 | Q555: =INT(YEARFRAC(L555,DATE(2023,6,8))) -> 36
... A557: Id559 | B557: Angela M | C557: 28.88 | D557: 5.35 | E557: No | F557: No | G557: Yes | H557: =IF('Medical Examinations'!G560="No major surgery",0,'Medical Examinations'!G560) -> 1 | I557: Smoker | J557: =IF(C557<18.5,"Under weight",IF(C557<25,"Normal weight",IF(C557<30,"Over weight","Obesity"))) -> Over weight | K557: =IF(D557<5.7,"Normal",IF(D557<6.4,"Prediabetes","Diabetes")) -> Normal | L557: =DATE('Data cleaning'!P560,MONTH(1&'Data cleaning'!Q560),'Hospitalisation Details'!D560) -> 32699 | M557: 4890 | N557: tier - 3 | O557: tier - 2 | P557: R1013 | Q557: =INT(YEARFRAC(L557,DATE(2023,6,8))) -> 33
A558: Id561 | B558: Erin M | C558: 23.65 | D558: 4.5 | E558: No | F558: No | G558: No | H558: =IF('Medical Examinations'!G562="No major surgery",0,'Medical Examinations'!G562) -> 0 | I558: Nonsmoker | J558: =IF(C558<18.5,"Under weight",IF(C558<25,"Normal weight",IF(C558<30,"Over weight","Obesity"))) -> Normal weight | K558: =IF(D558<5.7,"Normal",IF(D558<6.4,"Prediabetes","Diabetes")) -> Normal | L558: =DATE('Data cleaning'!P562,MONTH(1&'Data cleaning'!Q562),'Hospitalisation Details'!D562) -> 32409 | M558: 4894.75 | N558: tier - 3 | O558: tier - 3 | P558: R1012 | Q558: =INT(YEARFRAC(L558,DATE(2023,6,8))) -> 34
A559: Id562 | B559: Bobby E | C559: 49.09 | D559: 8.38 | E559: Yes | F559: No | G559: No | H559: =IF('Medical Examinations'!G563="No major surgery",0,'Medical Examinations'!G563) -> 2 | I559: Nonsmoker | J559: =IF(C559<18.5,"Under weight",IF(C559<25,"Normal weight",IF(C559<30,"Over weight","Obesity"))) -> Obesity | K559: =IF(D559<5.7,"Normal",IF(D559<6.4,"Prediabetes","Diabetes")) -> Diabetes | L559: =DATE('Data cleaning'!P563,MONTH(1&'Data cleaning'!Q563),'Hospitalisation Details'!D563) -> 34160 | M559: 4906.41 | N559: tier - 2 | O559: tier - 1 | P559: R1012 | Q559: =INT(YEARFRAC(L559,DATE(2023,6,8))) -> 29
A560: Id563 | B560: Daniel P | C560: 28.025 | D560: 7.03 | E560: No | F560: No | G560: No | H560: =IF('Medical Examinations'!G564="No major surgery",0,'Medical Examinations'!G564) -> 0 | I560: Smoker | J560: =IF(C560<18.5,"Under weight",IF(C560<25,"Normal weight",IF(C560<30,"Over weight","Obesity"))) -> Over weight | K560: =IF(D560<5.7,"Normal",IF(D560<6.4,"Prediabetes","Diabetes")) -> Diabetes | L560: =DATE('Data cleaning'!P564,MONTH(1&'Data cleaning'!Q564),'Hospitalisation Details'!D564) -> 29877 | M560: 4911.89 | N560: tier - 2 | O560: tier - 3 | P560: R1013 | Q560: =INT(YEARFRAC(L560,DATE(2023,6,8))) -> 41
A561: Id564 | B561: Marie E | C561: 43.32 | D561: 8.75 | E561: Yes | F561: No | G561: Yes | H561: =IF('Medical Examinations'!G565="No major surgery",0,'Medical Examinations'!G565) -> 1 | I561: Nonsmoker | J561: =IF(C561<18.5,"Under weight",IF(C561<25,"Normal weight",IF(C561<30,"Over weight","Obesity"))) -> Obesity | K561: =IF(D561<5.7,"Normal",IF(D561<6.4,"Prediabetes","Diabetes")) -> Diabetes | L561: =DATE('Data cleaning'!P565,MONTH(1&'Data cleaning'!Q565),'Hospitalisation Details'!D565) -> 37489 | M561: 4915.06 | N561: tier - 2 | O561: tier - 1 | P561: R1017 | Q561: =INT(YEARFRAC(L561,DATE(2023,6,8))) -> 20
A562: Id565 | B562: Katie | C562: 45.92 | D562: 9.51 | E562: No | F562: No | G562: No | H562: =IF('Medical Examinations'!G566="No major surgery",0,'Medical Examinations'!G566) -> 0 | I562: Nonsmoker | J562: =IF(C562<18.5,"Under weight",IF(C562<25,"Normal weight",IF(C562<30,"Over weight","Obesity"))) -> Obesity | K562: =IF(D562<5.7,"Normal",IF(D562<6.4,"Prediabetes","Diabetes")) -> Diabetes | L562: =DATE('Data cleaning'!P566,MONTH(1&'Data cleaning'!Q566),'Hospitalisation Details'!D566) -> 34191 | M562: 4922.92 | N562: tier - 2 | O562: tier - 2 | P562: R1012 | Q562: =INT(YEARFRAC(L562,DATE(2023,6,8))) -> 29
A563: Id566 | B563: Eric D | C563: 44.03 | D563: 9.36 | E563: No | F563: No | G563: No | H563: =IF('Medical Examinations'!G567="No major surgery",0,'Medical Examinations'!G567) -> 0 | I563: Nonsmoker | J563: =IF(C563<18.5,"Under weight",IF(C563<25,"Normal weight",IF(C563<30,"Over weight","Obesity"))) -> Obesity | K563: =IF(D563<5.7,"Normal",IF(D563<6.4,"Prediabetes","Diabetes")) -> Diabetes | L563: =DATE('Data cleaning'!P567,MONTH(1&'Data cleaning'!Q567),'Hospitalisation Details'!D567) -> 33473 | M563: 4931.65 | N563: tier - 2 | O563: tier - 3 | P563: R1011 | Q563: =INT(YEARFRAC(L563,DATE(2023,6,8))) -> 31
A564: Id567 | B564: Tara | C564: 24.6 | D564: 4.81 | E564: No | F564: No | G564: No | H564: =IF('Medical Examinations'!G568="No major surgery",0,'Medical Examinations'!G568) -> 0 | I564: Smoker | J564: =IF(C564<18.5,"Under weight",IF(C564<25,"Normal weight",IF(C564<30,"Over weight","Obesity"))) -> Normal weight | K564: =IF(D564<5.7,"Normal",IF(D564<6.4,"Prediabetes","Diabetes")) -> Normal | L564: =DATE('Data cleaning'!P568,MONTH(1&'Data cleaning'!Q568),'Hospitalisation Details'!D568) -> 33569 | M564: 4934.71 | N564: tier - 2 | O564: tier - 3 | P564: R1011 | Q564: =INT(YEARFRAC(L564,DATE(2023,6,8))) -> 31
A565: Id568 | B565: Haley L | C565: 49.15 | D565: 8.08 | E565: No | F565: No | G565: No | H565: =IF('Medical Examinations'!G569="No major surgery",0,'Medical Examinations'!G569) -> 0 | I565: Nonsmoker | J565: =IF(C565<18.5,"Under weight",IF(C565<25,"Normal weight",IF(C565<30,"Over weight","Obesity"))) -> Obesity | K565: =IF(D565<5.7,"Normal",IF(D565<6.4,"Prediabetes","Diabetes")) -> Diabetes | L565: =DATE('Data cleaning'!P569,MONTH(1&'Data cleaning'!Q569),'Hospitalisation Details'!D569) -> 27206 | M565: 4942.06 | N565: tier - 2 | O565: tier - 2 | P565: R1013 | Q565: =INT(YEARFRAC(L565,DATE(2023,6,8))) -> 48
A566: Id569 | B566: Kayla B | C566: 28.31 | D566: 6.29 | E566: No | F566: No | G566: Yes | H566: =IF('Medical Examinations'!G570="No major surgery",0,'Medical Examinations'!G570) -> 1 | I566: Smoker | J566: =IF(C566<18.5,"Under weight",IF(C566<25,"Normal weight",IF(C566<30,"Over weight","Obesity"))) -> Over weight | K566: =IF(D566<5.7,"Normal",IF(D566<6.4,"Prediabetes","Diabetes")) -> Prediabetes | L566: =DATE('Data cleaning'!P570,MONTH(1&'Data cleaning'!Q570),'Hospitalisation Details'!D570) -> 33480 | M566: 4949.76 | N566: tier - 2 | O566: tier - 1 | P566: R1013 | Q566: =INT(YEARFRAC(L566,DATE(2023,6,8))) -> 31
A567: Id570 | B567: Mark D | C567: 22.99 | D567: 6.29 | E567: No | F567: No | G567: No | H567: =IF('Medical Examinations'!G571="No major surgery",0,'Medical Examinations'!G571) -> 1 | I567: Smoker | J567: =IF(C567<18.5,"Under weight",IF(C567<25,"Normal weight",IF(C567<30,"Over weight","Obesity"))) -> Normal weight | K567: =IF(D567<5.7,"Normal",IF(D567<6.4,"Prediabetes","Diabetes")) -> Prediabetes | L567: =DATE('Data cleaning'!P571,MONTH(1&'Data cleaning'!Q571),'Hospitalisation Details'!D571) -> 26975 | M567: 4985.22 | N567: tier - 2 | O567: tier - 3 | P567: R1013 | Q567: =INT(YEARFRAC(L567,DATE(2023,6,8))) -> 49
A568: Id571 | B568: Patrick J | C568: 29.07 | D568: 5.12 | E568: No | F568: No | G568: Yes | H568: =IF('Medical Examinations'!G572="No major surgery",0,'Medical Examinations'!G572) -> 1 | I568: Smoker | J568: =IF(C568<18.5,"Under weight",IF(C568<25,"Normal weight",IF(C568<30,"Over weight","Obesity"))) -> Over weight | K568: =IF(D568<5.7,"Normal",IF(D568<6.4,"Prediabetes","Diabetes")) -> Normal | L568: =DATE('Data cleaning'!P572,MONTH(1&'Data cleaning'!Q572),'Hospitalisation Details'!D572) -> 32318 | M568: 4992.38 | N568: tier - 2 | O568: tier - 3 | P568: R1024 | Q568: =INT(YEARFRAC(L568,DATE(2023,6,8))) -> 34
A569: Id572 | B569: Alejandro | C569: 42.02 | D569: 9.95 | E569: Yes | F569: No | G569: Yes | H569: =IF('Medical Examinations'!G573="No major surgery",0,'Medical Examinations'!G573) -> 1 | I569: Nonsmoker | J569: =IF(C569<18.5,"Under weight",IF(C569<25,"Normal weight",IF(C569<30,"Over weight","Obesity"))) -> Obesity | K569: =IF(D569<5.7,"Normal",IF(D569<6.4,"Prediabetes","Diabetes")) -> Diabetes | L569: =DATE('Data cleaning'!P573,MONTH(1&'Data cleaning'!Q573),'Hospitalisation Details'!D573) -> 37169 | M569: 4999.04 | N569: tier - 2 | O569: tier - 2 | P569: R1011 | Q569: =INT(YEARFRAC(L569,DATE(2023,6,8))) -> 21
... A631: Id634 | B631: Maya | C631: 44.64 | D631: 7.18 | E631: No | F631: No | G631: No | H631: =IF('Medical Examinations'!G635="No major surgery",0,'Medical Examinations'!G635) -> 0 | I631: Nonsmoker | J631: =IF(C631<18.5,"Under weight",IF(C631<25,"Normal weight",IF(C631<30,"Over weight","Obesity"))) -> Obesity | K631: =IF(D631<5.7,"Normal",IF(D631<6.4,"Prediabetes","Diabetes")) -> Diabetes | L631: =DATE('Data cleaning'!P635,MONTH(1&'Data cleaning'!Q635),'Hospitalisation Details'!D635) -> 27664 | M631: 5411.99 | N631: tier - 2 | O631: tier - 3 | P631: R1012 | Q631: =INT(YEARFRAC(L631,DATE(2023,6,8))) -> 47
A632: Id636 | B632: Hilda | C632: 43.11 | D632: 4.67 | E632: Yes | F632: No | G632: No | H632: =IF('Medical Examinations'!G637="No major surgery",0,'Medical Examinations'!G637) -> 0 | I632: Nonsmoker | J632: =IF(C632<18.5,"Under weight",IF(C632<25,"Normal weight",IF(C632<30,"Over weight","Obesity"))) -> Obesity | K632: =IF(D632<5.7,"Normal",IF(D632<6.4,"Prediabetes","Diabetes")) -> Normal | L632: =DATE('Data cleaning'!P637,MONTH(1&'Data cleaning'!Q637),'Hospitalisation Details'!D637) -> 33425 | M632: 5425.02 | N632: tier - 2 | O632: tier - 1 | P632: R1012 | Q632: =INT(YEARFRAC(L632,DATE(2023,6,8))) -> 31
A633: Id637 | B633: Stephanie | C633: 53.32 | D633: 5.06 | E633: No | F633: No | G633: No | H633: =IF('Medical Examinations'!G638="No major surgery",0,'Medical Examinations'!G638) -> 0 | I633: Nonsmoker | J633: =IF(C633<18.5,"Under weight",IF(C633<25,"Normal weight",IF(C633<30,"Over weight","Obesity"))) -> Obesity | K633: =IF(D633<5.7,"Normal",IF(D633<6.4,"Prediabetes","Diabetes")) -> Normal | L633: =DATE('Data cleaning'!P638,MONTH(1&'Data cleaning'!Q638),'Hospitalisation Details'!D638) -> 33864 | M633: 5428.73 | N633: tier - 3 | O633: tier - 1 | P633: R1017 | Q633: =INT(YEARFRAC(L633,DATE(2023,6,8))) -> 30
A634: Id638 | B634: Doug | C634: 38.04 | D634: 5.02 | E634: Yes | F634: No | G634: No | H634: =IF('Medical Examinations'!G639="No major surgery",0,'Medical Examinations'!G639) -> 1 | I634: Nonsmoker | J634: =IF(C634<18.5,"Under weight",IF(C634<25,"Normal weight",IF(C634<30,"Over weight","Obesity"))) -> Obesity | K634: =IF(D634<5.7,"Normal",IF(D634<6.4,"Prediabetes","Diabetes")) -> Normal | L634: =DATE('Data cleaning'!P639,MONTH(1&'Data cleaning'!Q639),'Hospitalisation Details'!D639) -> 28649 | M634: 5428.98 | N634: tier - 2 | O634: tier - 2 | P634: R1012 | Q634: =INT(YEARFRAC(L634,DATE(2023,6,8))) -> 45
A635: Id639 | B635: Bethany N | C635: 37.9 | D635: 7.76 | E635: No | F635: No | G635: No | H635: =IF('Medical Examinations'!G640="No major surgery",0,'Medical Examinations'!G640) -> 0 | I635: Nonsmoker | J635: =IF(C635<18.5,"Under weight",IF(C635<25,"Normal weight",IF(C635<30,"Over weight","Obesity"))) -> Obesity | K635: =IF(D635<5.7,"Normal",IF(D635<6.4,"Prediabetes","Diabetes")) -> Diabetes | L635: =DATE('Data cleaning'!P640,MONTH(1&'Data cleaning'!Q640),'Hospitalisation Details'!D640) -> 30188 | M635: 5438.75 | N635: tier - 3 | O635: tier - 2 | P635: R1013 | Q635: =INT(YEARFRAC(L635,DATE(2023,6,8))) -> 40
A636: Id640 | B636: Sandra H | C636: 39.6 | D636: 9.32 | E636: No | F636: No | G636: No | H636: =IF('Medical Examinations'!G641="No major surgery",0,'Medical Examinations'!G641) -> 0 | I636: Nonsmoker | J636: =IF(C636<18.5,"Under weight",IF(C636<25,"Normal weight",IF(C636<30,"Over weight","Obesity"))) -> Obesity | K636: =IF(D636<5.7,"Normal",IF(D636<6.4,"Prediabetes","Diabetes")) -> Diabetes | L636: =DATE('Data cleaning'!P641,MONTH(1&'Data cleaning'!Q641),'Hospitalisation Details'!D641) -> 31771 | M636: 5458.05 | N636: tier - 2 | O636: tier - 2 | P636: R1024 | Q636: =INT(YEARFRAC(L636,DATE(2023,6,8))) -> 36
A637: Id641 | B637: Takuo | C637: 50.92 | D637: 5.31 | E637: Yes | F637: No | G637: No | H637: =IF('Medical Examinations'!G642="No major surgery",0,'Medical Examinations'!G642) -> 1 | I637: Nonsmoker | J637: =IF(C637<18.5,"Under weight",IF(C637<25,"Normal weight",IF(C637<30,"Over weight","Obesity"))) -> Obesity | K637: =IF(D637<5.7,"Normal",IF(D637<6.4,"Prediabetes","Diabetes")) -> Normal | L637: =DATE('Data cleaning'!P642,MONTH(1&'Data cleaning'!Q642),'Hospitalisation Details'!D642) -> 26961 | M637: 5466.88 | N637: tier - 2 | O637: tier - 2 | P637: R1013 | Q637: =INT(YEARFRAC(L637,DATE(2023,6,8))) -> 49
A638: Id642 | B638: Kelly A | C638: 21.85 | D638: 5.56 | E638: Yes | F638: No | G638: No | H638: =IF('Medical Examinations'!G643="No major surgery",0,'Medical Examinations'!G643) -> 0 | I638: Smoker | J638: =IF(C638<18.5,"Under weight",IF(C638<25,"Normal weight",IF(C638<30,"Over weight","Obesity"))) -> Normal weight | K638: =IF(D638<5.7,"Normal",IF(D638<6.4,"Prediabetes","Diabetes")) -> Normal | L638: =DATE('Data cleaning'!P643,MONTH(1&'Data cleaning'!Q643),'Hospitalisation Details'!D643) -> 31748 | M638: 5469.01 | N638: tier - 2 | O638: tier - 2 | P638: R1024 | Q638: =INT(YEARFRAC(L638,DATE(2023,6,8))) -> 36
A639: Id643 | B639: Scott | C639: 36.08 | D639: 7.11 | E639: Yes | F639: No | G639: Yes | H639: =IF('Medical Examinations'!G644="No major surgery",0,'Medical Examinations'!G644) -> 1 | I639: Nonsmoker | J639: =IF(C639<18.5,"Under weight",IF(C639<25,"Normal weight",IF(C639<30,"Over weight","Obesity"))) -> Obesity | K639: =IF(D639<5.7,"Normal",IF(D639<6.4,"Prediabetes","Diabetes")) -> Diabetes | L639: =DATE('Data cleaning'!P644,MONTH(1&'Data cleaning'!Q644),'Hospitalisation Details'!D644) -> 31605 | M639: 5472.45 | N639: tier - 2 | O639: tier - 3 | P639: R1011 | Q639: =INT(YEARFRAC(L639,DATE(2023,6,8))) -> 36
A640: Id644 | B640: Benoit | C640: 40.44 | D640: 5.13 | E640: Yes | F640: No | G640: Yes | H640: =IF('Medical Examinations'!G645="No major surgery",0,'Medical Examinations'!G645) -> 1 | I640: Nonsmoker | J640: =IF(C640<18.5,"Under weight",IF(C640<25,"Normal weight",IF(C640<30,"Over weight","Obesity"))) -> Obesity | K640: =IF(D640<5.7,"Normal",IF(D640<6.4,"Prediabetes","Diabetes")) -> Normal | L640: =DATE('Data cleaning'!P645,MONTH(1&'Data cleaning'!Q645),'Hospitalisation Details'!D645) -> 31685 | M640: 5478.04 | N640: tier - 2 | O640: tier - 3 | P640: R1013 | Q640: =INT(YEARFRAC(L640,DATE(2023,6,8))) -> 36
A641: Id645 | B641: Elizabeth M | C641: 38.095 | D641: 10.2 | E641: No | F641: No | G641: No | H641: =IF('Medical Examinations'!G646="No major surgery",0,'Medical Examinations'!G646) -> 0 | I641: Nonsmoker | J641: =IF(C641<18.5,"Under weight",IF(C641<25,"Normal weight",IF(C641<30,"Over weight","Obesity"))) -> Obesity | K641: =IF(D641<5.7,"Normal",IF(D641<6.4,"Prediabetes","Diabetes")) -> Diabetes | L641: =DATE('Data cleaning'!P646,MONTH(1&'Data cleaning'!Q646),'Hospitalisation Details'!D646) -> 30920 | M641: 5484.47 | N641: tier - 2 | O641: tier - 2 | P641: R1013 | Q641: =INT(YEARFRAC(L641,DATE(2023,6,8))) -> 38
A642: Id646 | B642: Jessica A | C642: 44.95 | D642: 10.4 | E642: No | F642: No | G642: No | H642: =IF('Medical Examinations'!G647="No major surgery",0,'Medical Examinations'!G647) -> 0 | I642: Nonsmoker | J642: =IF(C642<18.5,"Under weight",IF(C642<25,"Normal weight",IF(C642<30,"Over weight","Obesity"))) -> Obesity | K642: =IF(D642<5.7,"Normal",IF(D642<6.4,"Prediabetes","Diabetes")) -> Diabetes | L642: =DATE('Data cleaning'!P647,MONTH(1&'Data cleaning'!Q647),'Hospitalisation Details'!D647) -> 30911 | M642: 5488.26 | N642: tier - 2 | O642: tier - 3 | P642: R1011 | Q642: =INT(YEARFRAC(L642,DATE(2023,6,8))) -> 38
A643: Id647 | B643: Monica K | C643: 35.54 | D643: 10.67 | E643: No | F643: No | G643: No | H643: =IF('Medical Examinations'!G648="No major surgery",0,'Medical Examinations'!G648) -> 0 | I643: Nonsmoker | J643: =IF(C643<18.5,"Under weight",IF(C643<25,"Normal weight",IF(C643<30,"Over weight","Obesity"))) -> Obesity | K643: =IF(D643<5.7,"Normal",IF(D643<6.4,"Prediabetes","Diabetes")) -> Diabetes | L643: =DATE('Data cleaning'!P648,MONTH(1&'Data cleaning'!Q648),'Hospitalisation Details'!D648) -> 32353 | M643: 5503.36 | N643: tier - 2 | O643: tier - 2 | P643: R1012 | Q643: =INT(YEARFRAC(L643,DATE(2023,6,8))) -> 34
... A2168: Id2172 | B2168: Paul | C2168: 26.51 | D2168: 4.58 | E2168: No | F2168: No | G2168: No | H2168: =IF('Medical Examinations'!G2173="No major surgery",0,'Medical Examinations'!G2173) -> 0 | I2168: Nonsmoker | J2168: =IF(C2168<18.5,"Under weight",IF(C2168<25,"Normal weight",IF(C2168<30,"Over weight","Obesity"))) -> Over weight | K2168: =IF(D2168<5.7,"Normal",IF(D2168<6.4,"Prediabetes","Diabetes")) -> Normal | L2168: =DATE('Data cleaning'!P2173,MONTH(1&'Data cleaning'!Q2173),'Hospitalisation Details'!D2173) -> 35002 | M2168: 37133.9 | N2168: tier - 2 | O2168: tier - 2 | P2168: R1013 | Q2168: =INT(YEARFRAC(L2168,DATE(2023,6,8))) -> 27
A2169: Id2174 | B2169: Caitlin H | C2169: 40.5 | D2169: 5.4 | E2169: No | F2169: No | G2169: Yes | H2169: =IF('Medical Examinations'!G2175="No major surgery",0,'Medical Examinations'!G2175) -> 1 | I2169: Nonsmoker | J2169: =IF(C2169<18.5,"Under weight",IF(C2169<25,"Normal weight",IF(C2169<30,"Over weight","Obesity"))) -> Obesity | K2169: =IF(D2169<5.7,"Normal",IF(D2169<6.4,"Prediabetes","Diabetes")) -> Normal | L2169: =DATE('Data cleaning'!P2175,MONTH(1&'Data cleaning'!Q2175),'Hospitalisation Details'!D2175) -> 33163 | M2169: 37251.22 | N2169: tier - 2 | O2169: tier - 2 | P2169: R1011 | Q2169: =INT(YEARFRAC(L2169,DATE(2023,6,8))) -> 32
A2170: Id2175 | B2170: Harald E | C2170: 25.64 | D2170: 4.76 | E2170: No | F2170: No | G2170: No | H2170: =IF('Medical Examinations'!G2176="No major surgery",0,'Medical Examinations'!G2176) -> 1 | I2170: Nonsmoker | J2170: =IF(C2170<18.5,"Under weight",IF(C2170<25,"Normal weight",IF(C2170<30,"Over weight","Obesity"))) -> Over weight | K2170: =IF(D2170<5.7,"Normal",IF(D2170<6.4,"Prediabetes","Diabetes")) -> Normal | L2170: =DATE('Data cleaning'!P2176,MONTH(1&'Data cleaning'!Q2176),'Hospitalisation Details'!D2176) -> 31368 | M2170: 37270.15 | N2170: tier - 2 | O2170: tier - 1 | P2170: R1024 | Q2170: =INT(YEARFRAC(L2170,DATE(2023,6,8))) -> 37
A2171: Id2176 | B2171: Siobhan A | C2171: 32.9 | D2171: 4.78 | E2171: No | F2171: No | G2171: Yes | H2171: =IF('Medical Examinations'!G2177="No major surgery",0,'Medical Examinations'!G2177) -> 1 | I2171: Nonsmoker | J2171: =IF(C2171<18.5,"Under weight",IF(C2171<25,"Normal weight",IF(C2171<30,"Over weight","Obesity"))) -> Obesity | K2171: =IF(D2171<5.7,"Normal",IF(D2171<6.4,"Prediabetes","Diabetes")) -> Normal | L2171: =DATE('Data cleaning'!P2177,MONTH(1&'Data cleaning'!Q2177),'Hospitalisation Details'!D2177) -> 27707 | M2171: 37272.34 | N2171: tier - 2 | O2171: tier - 3 | P2171: R1011 | Q2171: =INT(YEARFRAC(L2171,DATE(2023,6,8))) -> 47
A2172: Id2177 | B2172: Andrea J | C2172: 29.8 | D2172: 4.26 | E2172: No | F2172: No | G2172: Yes | H2172: =IF('Medical Examinations'!G2178="No major surgery",0,'Medical Examinations'!G2178) -> 1 | I2172: Nonsmoker | J2172: =IF(C2172<18.5,"Under weight",IF(C2172<25,"Normal weight",IF(C2172<30,"Over weight","Obesity"))) -> Over weight | K2172: =IF(D2172<5.7,"Normal",IF(D2172<6.4,"Prediabetes","Diabetes")) -> Normal | L2172: =DATE('Data cleaning'!P2178,MONTH(1&'Data cleaning'!Q2178),'Hospitalisation Details'!D2178) -> 25506 | M2172: 37277.27 | N2172: tier - 1 | O2172: tier - 3 | P2172: R1011 | Q2172: =INT(YEARFRAC(L2172,DATE(2023,6,8))) -> 53
A2173: Id2178 | B2173: Marie | C2173: 28.9 | D2173: 5.85 | E2173: No | F2173: No | G2173: Yes | H2173: =IF('Medical Examinations'!G2179="No major surgery",0,'Medical Examinations'!G2179) -> 1 | I2173: Nonsmoker | J2173: =IF(C2173<18.5,"Under weight",IF(C2173<25,"Normal weight",IF(C2173<30,"Over weight","Obesity"))) -> Over weight | K2173: =IF(D2173<5.7,"Normal",IF(D2173<6.4,"Prediabetes","Diabetes")) -> Prediabetes | L2173: =DATE('Data cleaning'!P2179,MONTH(1&'Data cleaning'!Q2179),'Hospitalisation Details'!D2179) -> 29070 | M2173: 37425.94 | N2173: tier - 2 | O2173: tier - 1 | P2173: R1011 | Q2173: =INT(YEARFRAC(L2173,DATE(2023,6,8))) -> 43
A2174: Id2179 | B2174: Rachel A | C2174: 24.7 | D2174: 5.32 | E2174: No | F2174: No | G2174: Yes | H2174: =IF('Medical Examinations'!G2180="No major surgery",0,'Medical Examinations'!G2180) -> 1 | I2174: Nonsmoker | J2174: =IF(C2174<18.5,"Under weight",IF(C2174<25,"Normal weight",IF(C2174<30,"Over weight","Obesity"))) -> Normal weight | K2174: =IF(D2174<5.7,"Normal",IF(D2174<6.4,"Prediabetes","Diabetes")) -> Normal | L2174: =DATE('Data cleaning'!P2180,MONTH(1&'Data cleaning'!Q2180),'Hospitalisation Details'!D2180) -> 37526 | M2174: 37465.34 | N2174: tier - 1 | O2174: tier - 2 | P2174: R1012 | Q2174: =INT(YEARFRAC(L2174,DATE(2023,6,8))) -> 20
A2175: Id2180 | B2175: Emma | C2175: 20.6 | D2175: 5.14 | E2175: No | F2175: No | G2175: Yes | H2175: =IF('Medical Examinations'!G2181="No major surgery",0,'Medical Examinations'!G2181) -> 1 | I2175: Nonsmoker | J2175: =IF(C2175<18.5,"Under weight",IF(C2175<25,"Normal weight",IF(C2175<30,"Over weight","Obesity"))) -> Normal weight | K2175: =IF(D2175<5.7,"Normal",IF(D2175<6.4,"Prediabetes","Diabetes")) -> Normal | L2175: =DATE('Data cleaning'!P2181,MONTH(1&'Data cleaning'!Q2181),'Hospitalisation Details'!D2181) -> 36811 | M2175: 37484.45 | N2175: tier - 1 | O2175: tier - 1 | P2175: R1013 | Q2175: =INT(YEARFRAC(L2175,DATE(2023,6,8))) -> 22
A2176: Id2181 | B2176: Kiersten | C2176: 18.6 | D2176: 5 | E2176: No | F2176: No | G2176: Yes | H2176: =IF('Medical Examinations'!G2182="No major surgery",0,'Medical Examinations'!G2182) -> 1 | I2176: Nonsmoker | J2176: =IF(C2176<18.5,"Under weight",IF(C2176<25,"Normal weight",IF(C2176<30,"Over weight","Obesity"))) -> Normal weight | K2176: =IF(D2176<5.7,"Normal",IF(D2176<6.4,"Prediabetes","Diabetes")) -> Normal | L2176: =DATE('Data cleaning'!P2182,MONTH(1&'Data cleaning'!Q2182),'Hospitalisation Details'!D2182) -> 33193 | M2176: 37607.53 | N2176: tier - 1 | O2176: tier - 2 | P2176: R1019 | Q2176: =INT(YEARFRAC(L2176,DATE(2023,6,8))) -> 32
A2177: Id2182 | B2177: Rachael | C2177: 17.8 | D2177: 4.55 | E2177: No | F2177: No | G2177: Yes | H2177: =IF('Medical Examinations'!G2183="No major surgery",0,'Medical Examinations'!G2183) -> 1 | I2177: Nonsmoker | J2177: =IF(C2177<18.5,"Under weight",IF(C2177<25,"Normal weight",IF(C2177<30,"Over weight","Obesity"))) -> Under weight | K2177: =IF(D2177<5.7,"Normal",IF(D2177<6.4,"Prediabetes","Diabetes")) -> Normal | L2177: =DATE('Data cleaning'!P2183,MONTH(1&'Data cleaning'!Q2183),'Hospitalisation Details'!D2183) -> 30122 | M2177: 37650.74 | N2177: tier - 2 | O2177: tier - 2 | P2177: R1012 | Q2177: =INT(YEARFRAC(L2177,DATE(2023,6,8))) -> 40
A2178: Id2183 | B2178: Timothy P | C2178: 35.2 | D2178: 5.97 | E2178: No | F2178: yes | G2178: No | H2178: =IF('Medical Examinations'!G2184="No major surgery",0,'Medical Examinations'!G2184) -> 1 | I2178: Nonsmoker | J2178: =IF(C2178<18.5,"Under weight",IF(C2178<25,"Normal weight",IF(C2178<30,"Over weight","Obesity"))) -> Obesity | K2178: =IF(D2178<5.7,"Normal",IF(D2178<6.4,"Prediabetes","Diabetes")) -> Prediabetes | L2178: =DATE('Data cleaning'!P2184,MONTH(1&'Data cleaning'!Q2184),'Hospitalisation Details'!D2184) -> 25869 | M2178: 37675.06 | N2178: tier - 2 | O2178: tier - 3 | P2178: R1011 | Q2178: =INT(YEARFRAC(L2178,DATE(2023,6,8))) -> 52
A2179: Id2184 | B2179: Lelisa | C2179: 33.77 | D2179: 4.02 | E2179: No | F2179: yes | G2179: No | H2179: =IF('Medical Examinations'!G2185="No major surgery",0,'Medical Examinations'!G2185) -> 1 | I2179: Nonsmoker | J2179: =IF(C2179<18.5,"Under weight",IF(C2179<25,"Normal weight",IF(C2179<30,"Over weight","Obesity"))) -> Obesity | K2179: =IF(D2179<5.7,"Normal",IF(D2179<6.4,"Prediabetes","Diabetes")) -> Normal | L2179: =DATE('Data cleaning'!P2185,MONTH(1&'Data cleaning'!Q2185),'Hospitalisation Details'!D2185) -> 32426 | M2179: 37701.88 | N2179: tier - 2 | O2179: tier - 3 | P2179: R1023 | Q2179: =INT(YEARFRAC(L2179,DATE(2023,6,8))) -> 34
A2180: Id2185 | B2180: Nate | C2180: 30.03 | D2180: 4.04 | E2180: No | F2180: yes | G2180: No | H2180: =IF('Medical Examinations'!G2186="No major surgery",0,'Medical Examinations'!G2186) -> 1 | I2180: Nonsmoker | J2180: =IF(C2180<18.5,"Under weight",IF(C2180<25,"Normal weight",IF(C2180<30,"Over weight","Obesity"))) -> Obesity | K2180: =IF(D2180<5.7,"Normal",IF(D2180<6.4,"Prediabetes","Diabetes")) -> Normal | L2180: =DATE('Data cleaning'!P2186,MONTH(1&'Data cleaning'!Q2186),'Hospitalisation Details'!D2186) -> 28021 | M2180: 37735.2 | N2180: tier - 2 | O2180: tier - 2 | P2180: R1011 | Q2180: =INT(YEARFRAC(L2180,DATE(2023,6,8))) -> 46
... A2330: Id2335 | B2330: Aaron K | C2330: 17.58 | D2330: 4.51 | E2330: No | F2330: No | G2330: No | H2330: =IF('Medical Examinations'!G2336="No major surgery",0,'Medical Examinations'!G2336) -> 1 | I2330: Nonsmoker | J2330: =IF(C2330<18.5,"Under weight",IF(C2330<25,"Normal weight",IF(C2330<30,"Over weight","Obesity"))) -> Under weight | K2330: =IF(D2330<5.7,"Normal",IF(D2330<6.4,"Prediabetes","Diabetes")) -> Normal | L2330: =DATE('Data cleaning'!P2336,MONTH(1&'Data cleaning'!Q2336),'Hospitalisation Details'!D2336) -> 23258 | M2330: 48970.25 | N2330: tier - 1 | O2330: tier - 2 | P2330: R1013 | Q2330: =INT(YEARFRAC(L2330,DATE(2023,6,8))) -> 59

Sheet Analysis using pie
E2: ANALYSIS USING PIE
C6: Row Labels | D6: Count of Cancer history | I6: Row Labels | J6: Sum of Number Of Major Surgeries | K6: Average of HBA1C
C7: Nonsmoker | D7: 1843 | I7: No | J7: 1415 | K7: 6.6640393
C8: Smoker | D8: 486 | I8: yes | J8: 161 | K8: 5.1892308
C9: Grand Total | D9: 2329 | I9: Grand Total | J9: 1576 | K9: 6.5734865

Sheet Analysis using coloumn
C7: Row Labels | D7: Sum of charges
C8: Normal weight | D8: 7548637.4
C9: Diabetes | D9: 1600454.1
C10: Normal | D10: 4432578.6
C11: Prediabetes | D11: 1515604.7
C12: Obesity | D12: 12794625
C13: Diabetes | D13: 3135976
C14: Normal | D14: 6922656.9
C15: Prediabetes | D15: 2735992.5
C16: Over weight | D16: 6802389.4
C17: Diabetes | D17: 1518140.5
C18: Normal | D18: 3623672.9
C19: Prediabetes | D19: 1660576
... C24: Grand Total | D24: 31261668
C28: Row Labels | D28: Average of charges
C29: R1011 | D29: 32861.436
C30: R1012 | D30: 24775.306
C31: R1013 | D31: 30888.292
C32: R1014 | D32: 13891.86
C33: R1015 | D33: 21523.52
C34: R1016 | D34: 39868.616
C35: R1017 | D35: 34070.596
C36: R1018 | D36: 33475.82
C37: R1019 | D37: 27621.61
C38: R1023 | D38: 18261.757
C39: R1024 | D39: 30744.581
C40: R1026 | D40: 18709.798
C41: Grand Total | D41: 29659.936

Sheet Analysis using line
E3: ANALYSIS USING LINE
C7: Row Labels | D7: Average of charges
C8: 18 | D8: 6842.7445
C9: 19 | D9: 9677.1869
C10: 20 | D10: 7411.4483
C11: 21 | D11: 5214.5293
C12: 22 | D12: 9775.856
C13: 23 | D13: 11134.437
C14: 24 | D14: 9765.5713
C15: 25 | D15: 9184.887
C16: 26 | D16: 6040.3591
C17: 27 | D17: 11986.609
C18: 28 | D18: 8456.6384
C19: 29 | D19: 9914.8
... C55: 65 | D55: 29330.98
C56: Grand Total | D56: 13422.786
C62: Row Labels | D62: Average of BMI | E62: Average of HBA1C
C63: 18 | D63: 34.4925 | E63: 6.9319792
C64: 19 | D64: 34.060291 | E64: 6.5430233
C65: 20 | D65: 33.460862 | E65: 6.5805172
C66: 21 | D66: 31.293721 | E66: 6.9016279
C67: 22 | D67: 33.706154 | E67: 6.3892308
C68: 23 | D68: 33.3604 | E68: 6.0776
C69: 24 | D69: 32.126196 | E69: 6.4032609
C70: 25 | D70: 32.628421 | E70: 7.3436842
C71: 26 | D71: 31.237674 | E71: 6.9174419
C72: 27 | D72: 31.1156 | E72: 6.0396
C73: 28 | D73: 31.679909 | E73: 6.7907273
C74: 29 | D74: 31.924623 | E74: 6.9113208
... C110: 65 | D110: 22.61 | E110: 4.25
C111: Grand Total | D111: 30.965715 | E111: 6.5734865

Sheet Dashboard
A1: HEALTHCARE ANALYSIS

Sheet Healthcare
A1: Customer ID | B1: First Name | C1: BMI | D1: HBA1C | E1: Heart Issues | F1: Any Transplants | G1: Cancer history | H1: Number Of Major Surgeries | I1: Smoking Habit | J1: Weight Status | K1: Diabetes Status | L1: DOB | M1: charges | N1: Hospital tier | O1: City tier | P1: State ID | Q1: AGE
A2: Id1 | B2: =VLOOKUP(A2,'Data _Transformation'!A1:Q2330,2,FALSE) -> Kelly | C2: =VLOOKUP(A2,'Data _Transformation'!A1:Q2330,3,FALSE) -> 47.41 | D2: =VLOOKUP(A2,'Data _Transformation'!A1:Q2330,4,FALSE) -> 7.47 | E2: =VLOOKUP(A2,'Data _Transformation'!A1:Q2330,5,FALSE) -> No | F2: =VLOOKUP(A2,'Data _Transformation'!A1:Q2330,6,FALSE) -> No | G2: =VLOOKUP(A2,'Data _Transformation'!A1:Q2330,7,FALSE) -> No | H2: =VLOOKUP(A2,'Data _Transformation'!A1:Q2330,8,FALSE) -> 0 | I2: =VLOOKUP(A2,'Data _Transformation'!A1:Q2330,9,FALSE) -> Smoker | J2: =VLOOKUP(A2,'Data _Transformation'!A1:Q2330,10,FALSE) -> Obesity | K2: =VLOOKUP(A2,'Data _Transformation'!A1:Q2330,11,FALSE) -> Diabetes | L2: =VLOOKUP(A2,'Data _Transformation'!A1:Q2330,12,FALSE) -> 33794 | M2: =VLOOKUP(A2,'Data _Transformation'!A1:Q2330,13,FALSE) -> 563.84 | N2: =VLOOKUP(A2,'Data _Transformation'!A1:Q2330,14,FALSE) -> tier - 2 | O2: =VLOOKUP(A2,'Data _Transformation'!A1:Q2330,15,FALSE) -> tier - 3 | P2: =VLOOKUP(A2,'Data _Transformation'!A1:Q2330,16,0) -> R1013 | Q2: =VLOOKUP(A2,'Data _Transformation'!A1:Q2330,17,0) -> 30
A3: Id2 | B3: =VLOOKUP(A3,'Data _Transformation'!A2:Q2331,2,FALSE) -> Matthew D | C3: =VLOOKUP(A3,'Data _Transformation'!A2:Q2331,3,FALSE) -> 30.36 | D3: =VLOOKUP(A3,'Data _Transformation'!A2:Q2331,4,FALSE) -> 5.77 | E3: =VLOOKUP(A3,'Data _Transformation'!A2:Q2331,5,FALSE) -> No | F3: =VLOOKUP(A3,'Data _Transformation'!A2:Q2331,6,FALSE) -> No | G3: =VLOOKUP(A3,'Data _Transformation'!A2:Q2331,7,FALSE) -> No | H3: =VLOOKUP(A3,'Data _Transformation'!A2:Q2331,8,FALSE) -> 0 | I3: =VLOOKUP(A3,'Data _Transformation'!A2:Q2331,9,FALSE) -> Smoker | J3: =VLOOKUP(A3,'Data _Transformation'!A2:Q2331,10,FALSE) -> Obesity | K3: =VLOOKUP(A3,'Data _Transformation'!A2:Q2331,11,FALSE) -> Prediabetes | L3: =VLOOKUP(A3,'Data _Transformation'!A2:Q2331,12,FALSE) -> 33938 | M3: =VLOOKUP(A3,'Data _Transformation'!A2:Q2331,13,FALSE) -> 570.62 | N3: =VLOOKUP(A3,'Data _Transformation'!A2:Q2331,14,FALSE) -> tier - 2 | O3: =VLOOKUP(A3,'Data _Transformation'!A2:Q2331,15,FALSE) -> tier - 1 | P3: =VLOOKUP(A3,'Data _Transformation'!A2:Q2331,16,0) -> R1013 | Q3: =VLOOKUP(A3,'Data _Transformation'!A2:Q2331,17,0) -> 30
A4: Id3 | B4: =VLOOKUP(A4,'Data _Transformation'!A3:Q2332,2,FALSE) -> Phil | C4: =VLOOKUP(A4,'Data _Transformation'!A3:Q2332,3,FALSE) -> 34.485 | D4: =VLOOKUP(A4,'Data _Transformation'!A3:Q2332,4,FALSE) -> 11.87 | E4: =VLOOKUP(A4,'Data _Transformation'!A3:Q2332,5,FALSE) -> Yes | F4: =VLOOKUP(A4,'Data _Transformation'!A3:Q2332,6,FALSE) -> No | G4: =VLOOKUP(A4,'Data _Transformation'!A3:Q2332,7,FALSE) -> No | H4: =VLOOKUP(A4,'Data _Transformation'!A3:Q2332,8,FALSE) -> 2 | I4: =VLOOKUP(A4,'Data _Transformation'!A3:Q2332,9,FALSE) -> Smoker | J4: =VLOOKUP(A4,'Data _Transformation'!A3:Q2332,10,FALSE) -> Obesity | K4: =VLOOKUP(A4,'Data _Transformation'!A3:Q2332,11,FALSE) -> Diabetes | L4: =VLOOKUP(A4,'Data _Transformation'!A3:Q2332,12,FALSE) -> 34150 | M4: =VLOOKUP(A4,'Data _Transformation'!A3:Q2332,13,FALSE) -> 600 | N4: =VLOOKUP(A4,'Data _Transformation'!A3:Q2332,14,FALSE) -> tier - 2 | O4: =VLOOKUP(A4,'Data _Transformation'!A3:Q2332,15,FALSE) -> tier - 1 | P4: =VLOOKUP(A4,'Data _Transformation'!A3:Q2332,16,0) -> R1013 | Q4: =VLOOKUP(A4,'Data _Transformation'!A3:Q2332,17,0) -> 29
A5: Id4 | B5: =VLOOKUP(A5,'Data _Transformation'!A4:Q2333,2,FALSE) -> Kelsey | C5: =VLOOKUP(A5,'Data _Transformation'!A4:Q2333,3,FALSE) -> 38.095 | D5: =VLOOKUP(A5,'Data _Transformation'!A4:Q2333,4,FALSE) -> 6.05 | E5: =VLOOKUP(A5,'Data _Transformation'!A4:Q2333,5,FALSE) -> No | F5: =VLOOKUP(A5,'Data _Transformation'!A4:Q2333,6,FALSE) -> No | G5: =VLOOKUP(A5,'Data _Transformation'!A4:Q2333,7,FALSE) -> No | H5: =VLOOKUP(A5,'Data _Transformation'!A4:Q2333,8,FALSE) -> 0 | I5: =VLOOKUP(A5,'Data _Transformation'!A4:Q2333,9,FALSE) -> Smoker | J5: =VLOOKUP(A5,'Data _Transformation'!A4:Q2333,10,FALSE) -> Obesity | K5: =VLOOKUP(A5,'Data _Transformation'!A4:Q2333,11,FALSE) -> Prediabetes | L5: =VLOOKUP(A5,'Data _Transformation'!A4:Q2333,12,FALSE) -> 33860 | M5: =VLOOKUP(A5,'Data _Transformation'!A4:Q2333,13,FALSE) -> 604.54 | N5: =VLOOKUP(A5,'Data _Transformation'!A4:Q2333,14,FALSE) -> tier - 3 | O5: =VLOOKUP(A5,'Data _Transformation'!A4:Q2333,15,FALSE) -> tier - 3 | P5: =VLOOKUP(A5,'Data _Transformation'!A4:Q2333,16,0) -> R1013 | Q5: =VLOOKUP(A5,'Data _Transformation'!A4:Q2333,17,0) -> 30
A6: Id5 | B6: =VLOOKUP(A6,'Data _Transformation'!A5:Q2334,2,FALSE) -> Kristyn | C6: =VLOOKUP(A6,'Data _Transformation'!A5:Q2334,3,FALSE) -> 35.53 | D6: =VLOOKUP(A6,'Data _Transformation'!A5:Q2334,4,FALSE) -> 5.45 | E6: =VLOOKUP(A6,'Data _Transformation'!A5:Q2334,5,FALSE) -> No | F6: =VLOOKUP(A6,'Data _Transformation'!A5:Q2334,6,FALSE) -> No | G6: =VLOOKUP(A6,'Data _Transformation'!A5:Q2334,7,FALSE) -> No | H6: =VLOOKUP(A6,'Data _Transformation'!A5:Q2334,8,FALSE) -> 0 | I6: =VLOOKUP(A6,'Data _Transformation'!A5:Q2334,9,FALSE) -> Smoker | J6: =VLOOKUP(A6,'Data _Transformation'!A5:Q2334,10,FALSE) -> Obesity | K6: =VLOOKUP(A6,'Data _Transformation'!A5:Q2334,11,FALSE) -> Normal | L6: =VLOOKUP(A6,'Data _Transformation'!A5:Q2334,12,FALSE) -> 36003 | M6: =VLOOKUP(A6,'Data _Transformation'!A5:Q2334,13,FALSE) -> 637.26 | N6: =VLOOKUP(A6,'Data _Transformation'!A5:Q2334,14,FALSE) -> tier - 3 | O6: =VLOOKUP(A6,'Data _Transformation'!A5:Q2334,15,FALSE) -> tier - 3 | P6: =VLOOKUP(A6,'Data _Transformation'!A5:Q2334,16,0) -> R1013 | Q6: =VLOOKUP(A6,'Data _Transformation'!A5:Q2334,17,0) -> 24
A7: Id6 | B7: =VLOOKUP(A7,'Data _Transformation'!A6:Q2335,2,FALSE) -> Russell B | C7: =VLOOKUP(A7,'Data _Transformation'!A6:Q2335,3,FALSE) -> 32.8 | D7: =VLOOKUP(A7,'Data _Transformation'!A6:Q2335,4,FALSE) -> 6.59 | E7: =VLOOKUP(A7,'Data _Transformation'!A6:Q2335,5,FALSE) -> No | F7: =VLOOKUP(A7,'Data _Transformation'!A6:Q2335,6,FALSE) -> No | G7: =VLOOKUP(A7,'Data _Transformation'!A6:Q2335,7,FALSE) -> No | H7: =VLOOKUP(A7,'Data _Transformation'!A6:Q2335,8,FALSE) -> 0 | I7: =VLOOKUP(A7,'Data _Transformation'!A6:Q2335,9,FALSE) -> Smoker | J7: =VLOOKUP(A7,'Data _Transformation'!A6:Q2335,10,FALSE) -> Obesity | K7: =VLOOKUP(A7,'Data _Transformation'!A6:Q2335,11,FALSE) -> Diabetes | L7: =VLOOKUP(A7,'Data _Transformation'!A6:Q2335,12,FALSE) -> 37215 | M7: =VLOOKUP(A7,'Data _Transformation'!A6:Q2335,13,FALSE) -> 646.14 | N7: =VLOOKUP(A7,'Data _Transformation'!A6:Q2335,14,FALSE) -> tier - 3 | O7: =VLOOKUP(A7,'Data _Transformation'!A6:Q2335,15,FALSE) -> tier - 3 | P7: =VLOOKUP(A7,'Data _Transformation'!A6:Q2335,16,0) -> R1012 | Q7: =VLOOKUP(A7,'Data _Transformation'!A6:Q2335,17,0) -> 21
A8: Id7 | B8: =VLOOKUP(A8,'Data _Transformation'!A7:Q2336,2,FALSE) -> Scott | C8: =VLOOKUP(A8,'Data _Transformation'!A7:Q2336,3,FALSE) -> 36.4 | D8: =VLOOKUP(A8,'Data _Transformation'!A7:Q2336,4,FALSE) -> 6.07 | E8: =VLOOKUP(A8,'Data _Transformation'!A7:Q2336,5,FALSE) -> No | F8: =VLOOKUP(A8,'Data _Transformation'!A7:Q2336,6,FALSE) -> No | G8: =VLOOKUP(A8,'Data _Transformation'!A7:Q2336,7,FALSE) -> No | H8: =VLOOKUP(A8,'Data _Transformation'!A7:Q2336,8,FALSE) -> 0 | I8: =VLOOKUP(A8,'Data _Transformation'!A7:Q2336,9,FALSE) -> Smoker | J8: =VLOOKUP(A8,'Data _Transformation'!A7:Q2336,10,FALSE) -> Obesity | K8: =VLOOKUP(A8,'Data _Transformation'!A7:Q2336,11,FALSE) -> Prediabetes | L8: =VLOOKUP(A8,'Data _Transformation'!A7:Q2336,12,FALSE) -> 34121 | M8: =VLOOKUP(A8,'Data _Transformation'!A7:Q2336,13,FALSE) -> 650 | N8: =VLOOKUP(A8,'Data _Transformation'!A7:Q2336,14,FALSE) -> tier - 3 | O8: =VLOOKUP(A8,'Data _Transformation'!A7:Q2336,15,FALSE) -> tier - 3 | P8: =VLOOKUP(A8,'Data _Transformation'!A7:Q2336,16,0) -> R1013 | Q8: =VLOOKUP(A8,'Data _Transformation'!A7:Q2336,17,0) -> 30
A9: Id8 | B9: =VLOOKUP(A9,'Data _Transformation'!A8:Q2337,2,FALSE) -> Stephen | C9: =VLOOKUP(A9,'Data _Transformation'!A8:Q2337,3,FALSE) -> 36.96 | D9: =VLOOKUP(A9,'Data _Transformation'!A8:Q2337,4,FALSE) -> 7.93 | E9: =VLOOKUP(A9,'Data _Transformation'!A8:Q2337,5,FALSE) -> No | F9: =VLOOKUP(A9,'Data _Transformation'!A8:Q2337,6,FALSE) -> No | G9: =VLOOKUP(A9,'Data _Transformation'!A8:Q2337,7,FALSE) -> No | H9: =VLOOKUP(A9,'Data _Transformation'!A8:Q2337,8,FALSE) -> 3 | I9: =VLOOKUP(A9,'Data _Transformation'!A8:Q2337,9,FALSE) -> Smoker | J9: =VLOOKUP(A9,'Data _Transformation'!A8:Q2337,10,FALSE) -> Obesity | K9: =VLOOKUP(A9,'Data _Transformation'!A8:Q2337,11,FALSE) -> Diabetes | L9: =VLOOKUP(A9,'Data _Transformation'!A8:Q2337,12,FALSE) -> 34884 | M9: =VLOOKUP(A9,'Data _Transformation'!A8:Q2337,13,FALSE) -> 650 | N9: =VLOOKUP(A9,'Data _Transformation'!A8:Q2337,14,FALSE) -> tier - 3 | O9: =VLOOKUP(A9,'Data _Transformation'!A8:Q2337,15,FALSE) -> tier - 3 | P9: =VLOOKUP(A9,'Data _Transformation'!A8:Q2337,16,0) -> R1013 | Q9: =VLOOKUP(A9,'Data _Transformation'!A8:Q2337,17,0) -> 27
A10: Id9 | B10: =VLOOKUP(A10,'Data _Transformation'!A9:Q2338,2,FALSE) -> Patrick R | C10: =VLOOKUP(A10,'Data _Transformation'!A9:Q2338,3,FALSE) -> 41.14 | D10: =VLOOKUP(A10,'Data _Transformation'!A9:Q2338,4,FALSE) -> 9.58 | E10: =VLOOKUP(A10,'Data _Transformation'!A9:Q2338,5,FALSE) -> Yes | F10: =VLOOKUP(A10,'Data _Transformation'!A9:Q2338,6,FALSE) -> No | G10: =VLOOKUP(A10,'Data _Transformation'!A9:Q2338,7,FALSE) -> Yes | H10: =VLOOKUP(A10,'Data _Transformation'!A9:Q2338,8,FALSE) -> 1 | I10: =VLOOKUP(A10,'Data _Transformation'!A9:Q2338,9,FALSE) -> Smoker | J10: =VLOOKUP(A10,'Data _Transformation'!A9:Q2338,10,FALSE) -> Obesity | K10: =VLOOKUP(A10,'Data _Transformation'!A9:Q2338,11,FALSE) -> Diabetes | L10: =VLOOKUP(A10,'Data _Transformation'!A9:Q2338,12,FALSE) -> 37589 | M10: =VLOOKUP(A10,'Data _Transformation'!A9:Q2338,13,FALSE) -> 668 | N10: =VLOOKUP(A10,'Data _Transformation'!A9:Q2338,14,FALSE) -> tier - 3 | O10: =VLOOKUP(A10,'Data _Transformation'!A9:Q2338,15,FALSE) -> tier - 2 | P10: =VLOOKUP(A10,'Data _Transformation'!A9:Q2338,16,0) -> R1012 | Q10: =VLOOKUP(A10,'Data _Transformation'!A9:Q2338,17,0) -> 20
A11: Id10 | B11: =VLOOKUP(A11,'Data _Transformation'!A10:Q2339,2,FALSE) -> Brooke N | C11: =VLOOKUP(A11,'Data _Transformation'!A10:Q2339,3,FALSE) -> 38.06 | D11: =VLOOKUP(A11,'Data _Transformation'!A10:Q2339,4,FALSE) -> 10.79 | E11: =VLOOKUP(A11,'Data _Transformation'!A10:Q2339,5,FALSE) -> No | F11: =VLOOKUP(A11,'Data _Transformation'!A10:Q2339,6,FALSE) -> No | G11: =VLOOKUP(A11,'Data _Transformation'!A10:Q2339,7,FALSE) -> No | H11: =VLOOKUP(A11,'Data _Transformation'!A10:Q2339,8,FALSE) -> 0 | I11: =VLOOKUP(A11,'Data _Transformation'!A10:Q2339,9,FALSE) -> Smoker | J11: =VLOOKUP(A11,'Data _Transformation'!A10:Q2339,10,FALSE) -> Obesity | K11: =VLOOKUP(A11,'Data _Transformation'!A10:Q2339,11,FALSE) -> Diabetes | L11: =VLOOKUP(A11,'Data _Transformation'!A10:Q2339,12,FALSE) -> 35743 | M11: =VLOOKUP(A11,'Data _Transformation'!A10:Q2339,13,FALSE) -> 670 | N11: =VLOOKUP(A11,'Data _Transformation'!A10:Q2339,14,FALSE) -> tier - 3 | O11: =VLOOKUP(A11,'Data _Transformation'!A10:Q2339,15,FALSE) -> tier - 3 | P11: =VLOOKUP(A11,'Data _Transformation'!A10:Q2339,16,0) -> R1013 | Q11: =VLOOKUP(A11,'Data _Transformation'!A10:Q2339,17,0) -> 25
A12: Id11 | B12: =VLOOKUP(A12,'Data _Transformation'!A11:Q2340,2,FALSE) -> Paola Andrea | C12: =VLOOKUP(A12,'Data _Transformation'!A11:Q2340,3,FALSE) -> 37.7 | D12: =VLOOKUP(A12,'Data _Transformation'!A11:Q2340,4,FALSE) -> 5.96 | E12: =VLOOKUP(A12,'Data _Transformation'!A11:Q2340,5,FALSE) -> Yes | F12: =VLOOKUP(A12,'Data _Transformation'!A11:Q2340,6,FALSE) -> No | G12: =VLOOKUP(A12,'Data _Transformation'!A11:Q2340,7,FALSE) -> No | H12: =VLOOKUP(A12,'Data _Transformation'!A11:Q2340,8,FALSE) -> 2 | I12: =VLOOKUP(A12,'Data _Transformation'!A11:Q2340,9,FALSE) -> Smoker | J12: =VLOOKUP(A12,'Data _Transformation'!A11:Q2340,10,FALSE) -> Obesity | K12: =VLOOKUP(A12,'Data _Transformation'!A11:Q2340,11,FALSE) -> Prediabetes | L12: =VLOOKUP(A12,'Data _Transformation'!A11:Q2340,12,FALSE) -> 37146 | M12: =VLOOKUP(A12,'Data _Transformation'!A11:Q2340,13,FALSE) -> 687.54 | N12: =VLOOKUP(A12,'Data _Transformation'!A11:Q2340,14,FALSE) -> tier - 3 | O12: =VLOOKUP(A12,'Data _Transformation'!A11:Q2340,15,FALSE) -> tier - 2 | P12: =VLOOKUP(A12,'Data _Transformation'!A11:Q2340,16,0) -> R1013 | Q12: =VLOOKUP(A12,'Data _Transformation'!A11:Q2340,17,0) -> 21
A13: Id13 | B13: =VLOOKUP(A13,'Data _Transformation'!A12:Q2341,2,FALSE) -> Wade | C13: =VLOOKUP(A13,'Data _Transformation'!A12:Q2341,3,FALSE) -> 40.92 | D13: =VLOOKUP(A13,'Data _Transformation'!A12:Q2341,4,FALSE) -> 8.41 | E13: =VLOOKUP(A13,'Data _Transformation'!A12:Q2341,5,FALSE) -> No | F13: =VLOOKUP(A13,'Data _Transformation'!A12:Q2341,6,FALSE) -> No | G13: =VLOOKUP(A13,'Data _Transformation'!A12:Q2341,7,FALSE) -> No | H13: =VLOOKUP(A13,'Data _Transformation'!A12:Q2341,8,FALSE) -> 0 | I13: =VLOOKUP(A13,'Data _Transformation'!A12:Q2341,9,FALSE) -> Smoker | J13: =VLOOKUP(A13,'Data _Transformation'!A12:Q2341,10,FALSE) -> Obesity | K13: =VLOOKUP(A13,'Data _Transformation'!A12:Q2341,11,FALSE) -> Diabetes | L13: =VLOOKUP(A13,'Data _Transformation'!A12:Q2341,12,FALSE) -> 36508 | M13: =VLOOKUP(A13,'Data _Transformation'!A12:Q2341,13,FALSE) -> 722.99 | N13: =VLOOKUP(A13,'Data _Transformation'!A12:Q2341,14,FALSE) -> tier - 3 | O13: =VLOOKUP(A13,'Data _Transformation'!A12:Q2341,15,FALSE) -> tier - 1 | P13: =VLOOKUP(A13,'Data _Transformation'!A12:Q2341,16,0) -> R1013 | Q13: =VLOOKUP(A13,'Data _Transformation'!A12:Q2341,17,0) -> 23
... A2330: Id2335 | B2330: =VLOOKUP(A2330,'Data _Transformation'!A2329:Q4658,2,FALSE) -> Aaron K | C2330: =VLOOKUP(A2330,'Data _Transformation'!A2329:Q4658,3,FALSE) -> 17.58 | D2330: =VLOOKUP(A2330,'Data _Transformation'!A2329:Q4658,4,FALSE) -> 4.51 | E2330: =VLOOKUP(A2330,'Data _Transformation'!A2329:Q4658,5,FALSE) -> No | F2330: =VLOOKUP(A2330,'Data _Transformation'!A2329:Q4658,6,FALSE) -> No | G2330: =VLOOKUP(A2330,'Data _Transformation'!A2329:Q4658,7,FALSE) -> No | H2330: =VLOOKUP(A2330,'Data _Transformation'!A2329:Q4658,8,FALSE) -> 1 | I2330: =VLOOKUP(A2330,'Data _Transformation'!A2329:Q4658,9,FALSE) -> Nonsmoker | J2330: =VLOOKUP(A2330,'Data _Transformation'!A2329:Q4658,10,FALSE) -> Under weight | K2330: =VLOOKUP(A2330,'Data _Transformation'!A2329:Q4658,11,FALSE) -> Normal | L2330: =VLOOKUP(A2330,'Data _Transformation'!A2329:Q4658,12,FALSE) -> 23258 | M2330: =VLOOKUP(A2330,'Data _Transformation'!A2329:Q4658,13,FALSE) -> 48970.25 | N2330: =VLOOKUP(A2330,'Data _Transformation'!A2329:Q4658,14,FALSE) -> tier - 1 | O2330: =VLOOKUP(A2330,'Data _Transformation'!A2329:Q4658,15,FALSE) -> tier - 2 | P2330: =VLOOKUP(A2330,'Data _Transformation'!A2329:Q4658,16,0) -> R1013 | Q2330: =VLOOKUP(A2330,'Data _Transformation'!A2329:Q4658,17,0) -> 59
